16.434,0.108642578125,-1.0087890625,-0.087646484375
16.456,0.107666015625,-1.0048828125,-0.074951171875
16.478,0.107177734375,-1.006591796875,-0.081298828125
16.499,0.11279296875,-1.010986328125,-0.075439453125
16.52,0.1064453125,-1.0048828125,-0.086669921875
16.541,0.10595703125,-1.00244140625,-0.0859375
16.562,0.11376953125,-1.00439453125,-0.07763671875
16.584,0.103271484375,-1.007080078125,-0.0771484375
16.605,0.109130859375,-1.005126953125,-0.08447265625
16.626,0.108642578125,-1.001953125,-0.0791015625
16.648,0.113037109375,-1.01123046875,-0.078125
16.67,0.10693359375,-1.0009765625,-0.0810546875
16.691,0.105224609375,-1.006103515625,-0.078369140625
16.717,0.10595703125,-1.007080078125,-0.078857421875
16.738,0.1044921875,-1.002197265625,-0.088134765625
16.76,0.1064453125,-1.00927734375,-0.08740234375
16.782,0.1025390625,-1.00537109375,-0.080810546875
16.803,0.10302734375,-1.014404296875,-0.0908203125
16.824,0.109130859375,-0.991943359375,-0.080810546875
16.846,0.109375,-1.009033203125,-0.0859375
16.867,0.111328125,-1.00390625,-0.0849609375
16.888,0.10546875,-1.007568359375,-0.087646484375
16.909,0.1044921875,-1.004150390625,-0.091796875
16.931,0.111083984375,-1.0107421875,-0.080322265625
16.952,0.109375,-1.002685546875,-0.092529296875
16.974,0.1083984375,-1.004150390625,-0.08642578125
16.996,0.1015625,-1.010498046875,-0.083984375
17.017,0.109619140625,-1.00634765625,-0.0830078125
17.038,0.10986328125,-1.006103515625,-0.083984375
17.059,0.111083984375,-1.008056640625,-0.080322265625
17.081,0.107421875,-1.00830078125,-0.089111328125
17.102,0.110107421875,-1.003662109375,-0.088134765625
17.123,0.10302734375,-1.003173828125,-0.082763671875
17.144,0.10888671875,-1.005859375,-0.079833984375
17.166,0.10791015625,-1.001708984375,-0.0732421875
17.187,0.10791015625,-1.005859375,-0.0751953125
17.208,0.105712890625,-1.0078125,-0.087158203125
17.229,0.10498046875,-1.00146484375,-0.081298828125
17.251,0.111083984375,-1.00439453125,-0.086669921875
17.272,0.1025390625,-1.000244140625,-0.086669921875
17.294,0.1083984375,-1.010009765625,-0.0810546875
17.315,0.10791015625,-1.005126953125,-0.08984375
17.336,0.10791015625,-1.002685546875,-0.08154296875
17.357,0.10791015625,-1.004150390625,-0.07666015625
17.378,0.103515625,-1.00390625,-0.079345703125
17.399,0.110107421875,-1.0029296875,-0.084228515625
17.421,0.108642578125,-1.002685546875,-0.0791015625
17.442,0.103759765625,-1.0048828125,-0.087890625
17.464,0.110595703125,-1.00830078125,-0.08544921875
17.485,0.106689453125,-1.006103515625,-0.082275390625
17.506,0.10546875,-1.005126953125,-0.07861328125
17.527,0.10595703125,-1.008544921875,-0.085693359375
17.548,0.10986328125,-1.002685546875,-0.078857421875
17.569,0.10791015625,-0.999755859375,-0.086669921875
17.591,0.107421875,-1.0087890625,-0.088623046875
17.612,0.105712890625,-1.0048828125,-0.07763671875
17.633,0.10546875,-1.00830078125,-0.088134765625
17.654,0.106689453125,-1.00341796875,-0.08447265625
17.675,0.10791015625,-1.00830078125,-0.080810546875
17.697,0.10400390625,-1.0068359375,-0.08251953125
17.718,0.1005859375,-1.00341796875,-0.08056640625
17.739,0.10205078125,-1.005615234375,-0.073974609375
17.76,0.103515625,-1.004150390625,-0.086669921875
17.781,0.109375,-1.007568359375,-0.083984375
17.802,0.110595703125,-1.00439453125,-0.082763671875
17.823,0.106689453125,-1.00390625,-0.0791015625
17.844,0.111328125,-1.0068359375,-0.077392578125
17.865,0.105224609375,-1.00244140625,-0.08349609375
17.886,0.10546875,-1.00732421875,-0.086181640625
17.908,0.108642578125,-1.0078125,-0.0830078125
17.93,0.105224609375,-0.997802734375,-0.080810546875
17.951,0.103759765625,-0.998046875,-0.082275390625
17.972,0.103515625,-1.0107421875,-0.08740234375
17.993,0.104248046875,-1.00732421875,-0.075927734375
18.015,0.109619140625,-1.006103515625,-0.08544921875
18.036,0.10888671875,-1.00439453125,-0.084716796875
18.057,0.10205078125,-1.012451171875,-0.081787109375
18.078,0.109375,-1.007080078125,-0.084228515625
18.1,0.10595703125,-1.000732421875,-0.086181640625
18.122,0.10498046875,-1.00390625,-0.082275390625
18.144,0.10498046875,-1.006103515625,-0.083984375
18.165,0.101318359375,-1.008544921875,-0.07470703125
18.186,0.103759765625,-1.006591796875,-0.083740234375
18.207,0.105224609375,-1.00537109375,-0.0869140625
18.229,0.100341796875,-1.0029296875,-0.078369140625
18.25,0.111083984375,-1.00927734375,-0.080322265625
18.271,0.1044921875,-1.010498046875,-0.086181640625
18.292,0.10400390625,-1.0009765625,-0.089111328125
18.314,0.102294921875,-1.009033203125,-0.0830078125
18.335,0.10986328125,-1.000732421875,-0.087158203125
18.356,0.107177734375,-1.0029296875,-0.084228515625
18.377,0.111328125,-1.0048828125,-0.090087890625
18.398,0.10595703125,-1.00634765625,-0.087646484375
18.42,0.106689453125,-1.0048828125,-0.086181640625
18.441,0.099365234375,-1.007080078125,-0.0771484375
18.462,0.10498046875,-1.009765625,-0.078857421875
18.484,0.107666015625,-1.004638671875,-0.08154296875
18.506,0.10546875,-0.99755859375,-0.08154296875
18.527,0.110595703125,-1.006103515625,-0.083740234375
18.548,0.10693359375,-1.002197265625,-0.0771484375
18.57,0.111083984375,-1.007568359375,-0.0908203125
18.591,0.107177734375,-1.00244140625,-0.080078125
18.612,0.108154296875,-1.002685546875,-0.088134765625
18.633,0.1025390625,-1.0107421875,-0.08740234375
18.654,0.10205078125,-1.007080078125,-0.081787109375
18.675,0.102783203125,-1.004150390625,-0.085205078125
18.696,0.106201171875,-1.003173828125,-0.080322265625
18.718,0.107177734375,-1.0068359375,-0.08251953125
18.739,0.107421875,-0.999755859375,-0.087890625
18.76,0.107421875,-1.005859375,-0.07568359375
18.782,0.1064453125,-1.009033203125,-0.07861328125
18.803,0.113525390625,-1.000244140625,-0.08349609375
18.824,0.11181640625,-1.009033203125,-0.077392578125
18.845,0.111328125,-1.002685546875,-0.082275390625
18.867,0.105224609375,-1.004638671875,-0.086669921875
18.888,0.104736328125,-1.005126953125,-0.08203125
18.91,0.105224609375,-1.005859375,-0.078857421875
18.931,0.104248046875,-1.006103515625,-0.080322265625
18.952,0.10595703125,-1.003173828125,-0.079345703125
18.973,0.105712890625,-1.006103515625,-0.074462890625
18.994,0.10498046875,-1.005126953125,-0.089111328125
19.015,0.108642578125,-1.00244140625,-0.074951171875
19.036,0.108642578125,-1.004150390625,-0.0810546875
19.057,0.109375,-1.00048828125,-0.077880859375
19.078,0.11083984375,-1.00439453125,-0.091796875
19.099,0.10107421875,-1.005615234375,-0.08837890625
19.12,0.10595703125,-1.00927734375,-0.083984375
19.141,0.109375,-1.00830078125,-0.0830078125
19.162,0.11376953125,-1.003662109375,-0.085205078125
19.183,0.10205078125,-1.007080078125,-0.083740234375
19.204,0.10595703125,-1.003173828125,-0.084716796875
19.23,0.109375,-1.005615234375,-0.078857421875
19.251,0.1259765625,-1.026611328125,-0.12451171875
19.272,0.118896484375,-0.9970703125,-0.091796875
19.293,0.117431640625,-1.0087890625,-0.08935546875
19.314,0.111083984375,-0.994873046875,-0.07861328125
19.335,0.101806640625,-1.009033203125,-0.09228515625
19.356,0.114501953125,-1.000732421875,-0.087890625
19.377,0.10400390625,-1.009033203125,-0.0927734375
19.399,0.1083984375,-1.004638671875,-0.079833984375
19.42,0.111083984375,-1.001220703125,-0.093505859375
19.442,0.105224609375,-1.0068359375,-0.082763671875
19.463,0.109130859375,-1.005859375,-0.0810546875
19.484,0.107666015625,-1.0048828125,-0.08251953125
19.505,0.100830078125,-1.000732421875,-0.079833984375
19.526,0.10400390625,-1.0048828125,-0.080322265625
19.547,0.093505859375,-0.99853515625,-0.07958984375
19.569,0.106689453125,-1.007080078125,-0.089111328125
19.59,0.107177734375,-1.003173828125,-0.08203125
19.612,0.102783203125,-1.009033203125,-0.0751953125
19.633,0.106201171875,-1.005126953125,-0.088134765625
19.655,0.1044921875,-1.00390625,-0.0830078125
19.676,0.109375,-1.004150390625,-0.084228515625
19.697,0.10302734375,-1.003662109375,-0.0830078125
19.719,0.109619140625,-1.005615234375,-0.083740234375
19.74,0.10888671875,-1.01025390625,-0.079345703125
19.761,0.104736328125,-1.009033203125,-0.087158203125
19.782,0.10986328125,-1.009033203125,-0.078857421875
19.804,0.103271484375,-1.002685546875,-0.083984375
19.825,0.110107421875,-1.0107421875,-0.07958984375
19.846,0.1044921875,-1.00537109375,-0.09033203125
19.867,0.106201171875,-1.00244140625,-0.08544921875
19.888,0.109619140625,-1.01025390625,-0.08056640625
19.909,0.09765625,-1.00341796875,-0.090576171875
19.93,0.10595703125,-1.002197265625,-0.087890625
19.951,0.11279296875,-1.006591796875,-0.08642578125
19.972,0.110595703125,-1.00439453125,-0.09033203125
19.993,0.10546875,-1.009765625,-0.087646484375
20.014,0.1025390625,-1.002197265625,-0.082763671875
20.035,0.10009765625,-0.99853515625,-0.0791015625
20.056,0.10888671875,-1.0078125,-0.0830078125
20.077,0.107421875,-1.0029296875,-0.0888671875
20.098,0.1123046875,-1.00439453125,-0.08203125
20.119,0.107421875,-1.00390625,-0.080322265625
20.14,0.104736328125,-1.00732421875,-0.081298828125
20.161,0.1064453125,-1.00146484375,-0.078857421875
20.182,0.108642578125,-1.002197265625,-0.0810546875
20.204,0.103759765625,-1.001708984375,-0.08154296875
20.225,0.109619140625,-1.0078125,-0.086669921875
20.247,0.1064453125,-1.005126953125,-0.080322265625
20.269,0.111572265625,-1.0087890625,-0.093505859375
20.29,0.1083984375,-1.005126953125,-0.09228515625
20.311,0.1083984375,-1.01025390625,-0.081298828125
20.332,0.106689453125,-1.0048828125,-0.078125
20.354,0.105224609375,-1.001708984375,-0.08154296875
20.376,0.103271484375,-1.006591796875,-0.088134765625
20.397,0.107177734375,-1.0048828125,-0.09033203125
20.418,0.1064453125,-1.007568359375,-0.07958984375
20.439,0.108642578125,-1.009765625,-0.084716796875
20.46,0.10546875,-1.00439453125,-0.080322265625
20.481,0.102294921875,-1.003662109375,-0.080810546875
20.503,0.107177734375,-1.003662109375,-0.08642578125
20.524,0.10546875,-1.0048828125,-0.07861328125
20.545,0.106689453125,-1.008544921875,-0.078857421875
20.566,0.114501953125,-1.00732421875,-0.0849609375
20.587,0.109375,-1.01025390625,-0.082275390625
20.608,0.111572265625,-1.008056640625,-0.079833984375
20.629,0.105712890625,-1.005859375,-0.088134765625
20.65,0.113037109375,-1.01025390625,-0.08642578125
20.671,0.109619140625,-1.00830078125,-0.08984375
20.693,0.1025390625,-1.0107421875,-0.082763671875
20.715,0.10693359375,-0.99853515625,-0.08154296875
20.736,0.1142578125,-1.0078125,-0.077392578125
20.757,0.108154296875,-1.0029296875,-0.0908203125
20.779,0.107421875,-1.007080078125,-0.086181640625
20.8,0.107421875,-1.00390625,-0.078369140625
20.821,0.11181640625,-1.001220703125,-0.083984375
20.842,0.10498046875,-1.00830078125,-0.073486328125
20.864,0.103515625,-1.009033203125,-0.085205078125
20.885,0.10986328125,-1.007080078125,-0.082275390625
20.906,0.1044921875,-1.0,-0.08642578125
20.927,0.1103515625,-1.0029296875,-0.088623046875
20.948,0.105712890625,-1.007080078125,-0.076904296875
20.97,0.109375,-1.011962890625,-0.07958984375
20.991,0.107666015625,-1.0009765625,-0.078857421875
21.012,0.102294921875,-1.00439453125,-0.080322265625
21.033,0.10888671875,-1.00390625,-0.080078125
21.054,0.1015625,-1.0048828125,-0.0771484375
21.075,0.10400390625,-1.005615234375,-0.09228515625
21.096,0.108154296875,-1.004638671875,-0.0810546875
21.118,0.109619140625,-1.005615234375,-0.078125
21.139,0.107421875,-1.002197265625,-0.083740234375
21.16,0.1044921875,-1.0107421875,-0.093017578125
21.182,0.10595703125,-1.001708984375,-0.083984375
21.203,0.10693359375,-1.0048828125,-0.079833984375
21.224,0.109619140625,-1.00390625,-0.086669921875
21.245,0.099609375,-1.0078125,-0.08349609375
21.266,0.103271484375,-1.00390625,-0.090576171875
21.288,0.104248046875,-1.005859375,-0.088623046875
21.309,0.1064453125,-1.00146484375,-0.0830078125
21.33,0.10791015625,-1.008056640625,-0.086181640625
21.351,0.106689453125,-1.004638671875,-0.078125
21.372,0.108154296875,-1.012939453125,-0.084716796875
21.394,0.10888671875,-1.009033203125,-0.08837890625
21.415,0.116455078125,-1.009521484375,-0.074951171875
21.436,0.105712890625,-1.00927734375,-0.087646484375
21.457,0.111328125,-1.009521484375,-0.072998046875
21.478,0.105224609375,-1.0087890625,-0.08251953125
21.499,0.10595703125,-1.002685546875,-0.0830078125
21.52,0.1083984375,-1.0029296875,-0.089599609375
21.541,0.109375,-1.007080078125,-0.08349609375
21.563,0.10693359375,-1.004150390625,-0.08251953125
21.584,0.107666015625,-1.003173828125,-0.0771484375
21.605,0.111572265625,-1.00537109375,-0.085205078125
21.626,0.10595703125,-1.00439453125,-0.07666015625
21.648,0.10888671875,-1.01220703125,-0.081298828125
21.669,0.1025390625,-1.008056640625,-0.0751953125
21.69,0.107666015625,-1.003662109375,-0.08740234375
21.711,0.10791015625,-1.00390625,-0.087646484375
21.737,0.103759765625,-1.007568359375,-0.07958984375
21.758,0.105224609375,-1.001708984375,-0.081298828125
21.78,0.11181640625,-1.003662109375,-0.07958984375
21.801,0.10595703125,-1.002197265625,-0.079833984375
21.822,0.107666015625,-1.001953125,-0.076904296875
21.844,0.102294921875,-1.0029296875,-0.08447265625
21.865,0.104248046875,-0.998779296875,-0.08349609375
21.887,0.106201171875,-1.0078125,-0.08251953125
21.909,0.1123046875,-1.00927734375,-0.0732421875
21.93,0.101806640625,-1.005859375,-0.083740234375
21.951,0.111572265625,-1.01171875,-0.07666015625
21.973,0.108642578125,-1.001708984375,-0.086181640625
21.994,0.109619140625,-1.00341796875,-0.074951171875
22.016,0.10302734375,-1.00390625,-0.081298828125
22.038,0.108154296875,-1.00390625,-0.083740234375
22.059,0.11279296875,-1.003662109375,-0.073974609375
22.08,0.10986328125,-1.001220703125,-0.083740234375
22.101,0.109619140625,-1.001953125,-0.0732421875
22.122,0.104736328125,-1.00927734375,-0.082275390625
22.143,0.1103515625,-0.999755859375,-0.09326171875
22.164,0.107177734375,-1.004638671875,-0.085693359375
22.185,0.10791015625,-1.007080078125,-0.082275390625
22.206,0.10546875,-1.0029296875,-0.08056640625
22.227,0.099365234375,-1.006591796875,-0.084716796875
22.249,0.1044921875,-1.005126953125,-0.0830078125
22.27,0.111572265625,-1.00732421875,-0.08251953125
22.291,0.11376953125,-1.002197265625,-0.08642578125
22.312,0.10205078125,-1.008544921875,-0.08203125
22.334,0.097412109375,-1.008056640625,-0.082275390625
22.356,0.10400390625,-1.011474609375,-0.0908203125
22.377,0.103515625,-1.0087890625,-0.087646484375
22.398,0.1044921875,-1.001220703125,-0.0830078125
22.419,0.104736328125,-1.00439453125,-0.08544921875
22.44,0.10693359375,-1.0048828125,-0.0810546875
22.461,0.1064453125,-1.006591796875,-0.075927734375
22.482,0.108642578125,-1.0048828125,-0.086181640625
22.503,0.105224609375,-1.009521484375,-0.079833984375
22.524,0.10498046875,-1.00732421875,-0.086669921875
22.546,0.10595703125,-1.0048828125,-0.083984375
22.568,0.10400390625,-1.005126953125,-0.08251953125
22.589,0.10595703125,-1.00341796875,-0.0869140625
22.61,0.10205078125,-1.009033203125,-0.078125
22.631,0.102294921875,-1.006591796875,-0.083740234375
22.652,0.106201171875,-1.003173828125,-0.0888671875
22.674,0.108642578125,-1.007080078125,-0.08447265625
22.695,0.1083984375,-0.9990234375,-0.08056640625
22.716,0.1044921875,-1.00830078125,-0.072509765625
22.738,0.10400390625,-1.00439453125,-0.083251953125
22.759,0.110107421875,-1.012451171875,-0.084228515625
22.78,0.1015625,-1.006591796875,-0.0830078125
22.801,0.104248046875,-1.004150390625,-0.087890625
22.822,0.1083984375,-1.004638671875,-0.089599609375
22.844,0.110595703125,-1.002685546875,-0.084716796875
22.865,0.10546875,-1.001953125,-0.07861328125
22.887,0.1064453125,-1.0078125,-0.080810546875
22.908,0.10546875,-1.004638671875,-0.086181640625
22.929,0.103515625,-1.009033203125,-0.08203125
22.95,0.108642578125,-1.0029296875,-0.091064453125
22.971,0.10546875,-1.0107421875,-0.083251953125
22.992,0.105224609375,-1.007080078125,-0.078857421875
23.013,0.1123046875,-1.00390625,-0.087158203125
23.034,0.1044921875,-1.0009765625,-0.07568359375
23.055,0.109130859375,-1.0068359375,-0.088134765625
23.076,0.105224609375,-1.00732421875,-0.080810546875
23.097,0.10693359375,-1.00537109375,-0.08154296875
23.118,0.100341796875,-1.006591796875,-0.084716796875
23.139,0.10302734375,-1.003173828125,-0.08642578125
23.161,0.10888671875,-1.01171875,-0.0830078125
23.182,0.1044921875,-1.00146484375,-0.085205078125
23.203,0.1064453125,-0.999755859375,-0.08642578125
23.224,0.1025390625,-1.00244140625,-0.08544921875
23.245,0.098876953125,-1.00830078125,-0.082275390625
23.267,0.107421875,-1.003662109375,-0.0869140625
23.288,0.104736328125,-1.001220703125,-0.097900390625
23.309,0.105712890625,-1.004638671875,-0.08544921875
23.33,0.107177734375,-1.01025390625,-0.083984375
23.351,0.10986328125,-1.00927734375,-0.09130859375
23.372,0.1015625,-1.0107421875,-0.074462890625
23.393,0.107177734375,-1.008544921875,-0.076904296875
23.414,0.10888671875,-1.0048828125,-0.082275390625
23.435,0.103515625,-1.007080078125,-0.078369140625
23.457,0.1025390625,-1.00439453125,-0.08349609375
23.478,0.108154296875,-1.00732421875,-0.080078125
23.499,0.104736328125,-1.008056640625,-0.083251953125
23.521,0.10546875,-1.00634765625,-0.076904296875
23.542,0.105224609375,-1.006103515625,-0.087646484375
23.564,0.110595703125,-1.00390625,-0.08642578125
23.585,0.10791015625,-1.002685546875,-0.08154296875
23.606,0.106689453125,-1.00439453125,-0.08740234375
23.627,0.107177734375,-1.001708984375,-0.0791015625
23.649,0.107177734375,-1.00341796875,-0.08349609375
23.67,0.10595703125,-0.999267578125,-0.086181640625
23.691,0.100341796875,-1.003173828125,-0.080322265625
23.712,0.109130859375,-1.00146484375,-0.092529296875
23.733,0.10595703125,-1.000732421875,-0.0810546875
23.754,0.1044921875,-1.00927734375,-0.0849609375
23.776,0.108154296875,-1.009765625,-0.076416015625
23.797,0.109375,-0.999267578125,-0.09375
23.818,0.10595703125,-1.003662109375,-0.079833984375
23.839,0.104248046875,-1.0078125,-0.083740234375
23.86,0.104248046875,-1.008544921875,-0.084228515625
23.882,0.10205078125,-1.00732421875,-0.087158203125
23.903,0.10400390625,-1.00146484375,-0.0869140625
23.924,0.106201171875,-1.003173828125,-0.080322265625
23.945,0.110107421875,-1.005615234375,-0.079833984375
23.966,0.109130859375,-1.0078125,-0.083251953125
23.988,0.10400390625,-0.998779296875,-0.082763671875
24.009,0.103515625,-1.0087890625,-0.081298828125
24.03,0.1025390625,-1.00244140625,-0.08056640625
24.051,0.107666015625,-1.01171875,-0.080322265625
24.072,0.107421875,-1.000732421875,-0.086181640625
24.094,0.108642578125,-1.001708984375,-0.08740234375
24.115,0.1025390625,-1.005859375,-0.077880859375
24.136,0.103759765625,-1.0,-0.085693359375
24.157,0.10302734375,-1.0087890625,-0.08740234375
24.178,0.1083984375,-1.008056640625,-0.08642578125
24.199,0.10400390625,-1.00830078125,-0.08203125
24.22,0.107177734375,-1.010986328125,-0.070068359375
24.246,0.105712890625,-1.009765625,-0.08544921875
24.268,0.1123046875,-1.009033203125,-0.073974609375
24.289,0.108154296875,-1.00537109375,-0.093017578125
24.31,0.107421875,-1.002685546875,-0.0830078125
24.332,0.10888671875,-1.001953125,-0.087890625
24.354,0.104736328125,-1.006591796875,-0.078857421875
24.375,0.11181640625,-1.00244140625,-0.081787109375
24.397,0.097412109375,-1.02099609375,-0.089599609375
24.418,0.101318359375,-1.00146484375,-0.083984375
24.439,0.10888671875,-1.017333984375,-0.072265625
24.46,0.1015625,-1.003662109375,-0.08447265625
24.482,0.105712890625,-1.016845703125,-0.07177734375
24.503,0.110595703125,-1.005859375,-0.07568359375
24.524,0.102294921875,-1.003173828125,-0.07958984375
24.545,0.111572265625,-1.00439453125,-0.07861328125
24.567,0.105712890625,-1.005859375,-0.080078125
24.588,0.104248046875,-1.010498046875,-0.085693359375
24.609,0.099365234375,-1.0087890625,-0.088134765625
24.63,0.101318359375,-1.00439453125,-0.077392578125
24.651,0.107421875,-1.005615234375,-0.088623046875
24.672,0.107666015625,-1.007080078125,-0.072998046875
24.693,0.102783203125,-1.00732421875,-0.076904296875
24.715,0.10986328125,-1.015380859375,-0.08544921875
24.736,0.10546875,-1.006103515625,-0.08349609375
24.757,0.1044921875,-1.001708984375,-0.084228515625
24.778,0.097412109375,-1.010009765625,-0.080078125
24.8,0.103515625,-1.002197265625,-0.091064453125
24.821,0.10693359375,-1.004638671875,-0.07861328125
25.126,0.10791015625,-1.00390625,-0.0859375
25.151,0.1103515625,-1.005859375,-0.080078125
25.185,0.100830078125,-1.007080078125,-0.08642578125
25.213,0.106689453125,-1.0087890625,-0.08349609375
25.234,0.10498046875,-1.008056640625,-0.07763671875
25.255,0.11279296875,-1.008544921875,-0.081787109375
25.276,0.103271484375,-1.007080078125,-0.081298828125
25.297,0.123291015625,-0.99267578125,-0.08544921875
25.318,0.108642578125,-1.005615234375,-0.1171875
25.339,0.108154296875,-1.004150390625,-0.103515625
25.36,0.154052734375,-0.985107421875,-0.144775390625
25.381,0.0830078125,-1.0205078125,-0.093017578125
25.403,0.08740234375,-1.01953125,-0.086181640625
25.424,0.102294921875,-1.001953125,-0.080810546875
25.445,0.108154296875,-1.006591796875,-0.088623046875
25.467,0.10302734375,-1.013427734375,-0.078857421875
25.489,0.1005859375,-1.005126953125,-0.081298828125
25.51,0.105224609375,-1.00537109375,-0.086181640625
25.531,0.102783203125,-1.008056640625,-0.07568359375
25.552,0.175537109375,-1.02294921875,-0.01611328125
25.574,0.0009765625,-1.019775390625,-0.0400390625
25.595,0.03564453125,-0.89892578125,-0.10888671875
25.617,0.39501953125,-0.991455078125,-0.07275390625
25.639,-0.158203125,-1.241943359375,-0.2353515625
25.66,-0.037109375,-1.462646484375,-0.0771484375
25.681,0.260498046875,-1.3544921875,-0.000244140625
25.702,0.0205078125,-1.185546875,-0.07373046875
25.723,0.068359375,-1.25146484375,-0.101806640625
25.744,0.145263671875,-1.162109375,-0.111572265625
25.765,0.011474609375,-1.03515625,-0.347412109375
25.787,0.07373046875,-0.947021484375,-0.386474609375
25.808,0.260498046875,-1.164794921875,-0.154052734375
25.829,0.05517578125,-0.98193359375,-0.23388671875
25.85,-0.18017578125,-0.90673828125,-0.304931640625
25.871,-0.155517578125,-0.814453125,-0.23486328125
25.892,-0.10107421875,-0.8671875,-0.300537109375
25.914,-0.49169921875,-0.697509765625,-0.47021484375
25.935,-0.547119140625,-0.682861328125,-0.479736328125
25.956,0.1845703125,-0.4755859375,-0.440185546875
25.977,-0.2392578125,-0.440185546875,-0.318603515625
25.998,-0.488525390625,-0.691650390625,-0.80615234375
26.019,-0.408935546875,-0.8037109375,-0.755126953125
26.04,-0.348388671875,-0.656005859375,-0.696533203125
26.061,0.10498046875,-0.484375,-0.5703125
26.082,-0.212890625,-0.905517578125,-0.48828125
26.104,-0.628662109375,-0.8017578125,-0.63720703125
26.125,-0.432861328125,-0.990478515625,-0.7119140625
26.146,-1.294189453125,-1.1142578125,-0.883056640625
26.178,0.780029296875,-0.615234375,0.26123046875
26.207,-0.777587890625,-0.874267578125,-0.52294921875
26.24,0.56884765625,-1.141357421875,-0.323486328125
26.267,-0.922119140625,-1.1142578125,-0.454345703125
26.297,0.447021484375,-1.1201171875,-0.725341796875
26.332,-0.040283203125,-1.206298828125,-0.302978515625
26.368,-0.557861328125,-1.0458984375,-0.0537109375
26.395,0.795166015625,-0.580810546875,-0.16650390625
26.419,-0.603515625,-1.363037109375,-0.63671875
26.451,0.183349609375,-0.7265625,-0.316162109375
26.484,0.320068359375,-0.676025390625,-0.430419921875
26.517,-0.30224609375,-0.766845703125,-0.676025390625
26.549,-0.038330078125,-0.8740234375,-0.724365234375
26.578,-0.1416015625,-0.230712890625,-0.62646484375
26.607,0.05322265625,-0.771484375,-0.58203125
26.643,-0.09765625,-0.8798828125,-0.536865234375
26.678,0.2900390625,-1.02392578125,-0.4833984375
26.71,-0.2119140625,-0.99462890625,-0.432861328125
26.753,0.19775390625,-1.07763671875,-0.35302734375
26.775,-0.090576171875,-1.265380859375,-0.288818359375
26.796,0.148193359375,-1.031494140625,-0.236572265625
26.818,0.489013671875,-1.3388671875,-0.20751953125
26.857,-0.182373046875,-1.0302734375,-0.17626953125
26.89,0.4111328125,-1.1171875,-0.42724609375
26.921,-0.008056640625,-1.272705078125,-0.225341796875
26.954,0.388916015625,-0.91015625,-0.096923828125
26.986,-0.38916015625,-1.02099609375,-0.25
27.018,0.01904296875,-1.17333984375,-0.251708984375
27.055,0.223876953125,-1.080810546875,-0.257568359375
27.091,-0.442138671875,-0.941162109375,-0.252197265625
27.123,0.088134765625,-0.959716796875,-0.34716796875
27.159,0.33056640625,-1.083984375,-0.40966796875
27.191,0.015625,-0.8984375,-0.41845703125
27.223,0.072509765625,-0.7666015625,-0.417724609375
27.256,0.0732421875,-0.818603515625,-0.4130859375
27.291,0.361083984375,-0.872802734375,-0.378173828125
27.317,0.1005859375,-1.00048828125,-0.467529296875
27.343,-0.011962890625,-0.9248046875,-0.326171875
27.372,0.200439453125,-1.165283203125,-0.362548828125
27.398,0.075927734375,-1.048828125,-0.363037109375
27.429,0.389892578125,-0.99560546875,-0.3154296875
27.462,0.064208984375,-0.736572265625,-0.289306640625
27.496,0.296630859375,-0.815673828125,-0.2275390625
27.528,-0.2294921875,-1.275146484375,-0.32568359375
27.563,0.154052734375,-1.233642578125,-0.15380859375
27.597,0.13037109375,-1.055908203125,-0.138916015625
27.628,0.221435546875,-1.133056640625,-0.177734375
27.661,-0.0478515625,-1.283935546875,-0.053955078125
27.697,-0.02978515625,-1.18798828125,-0.16796875
27.726,0.3427734375,-1.094970703125,-0.21044921875
27.76,0.208740234375,-1.01220703125,-0.287353515625
27.792,0.228271484375,-1.027099609375,-0.294677734375
27.817,0.136474609375,-0.868896484375,-0.341064453125
27.845,0.26904296875,-0.794189453125,-0.382080078125
27.881,0.218994140625,-1.019287109375,-0.32373046875
27.911,0.055419921875,-0.757568359375,-0.415283203125
27.941,0.291259765625,-0.8583984375,-0.41796875
27.97,0.312744140625,-0.68017578125,-0.402099609375
28.004,0.1513671875,-0.848388671875,-0.3193359375
28.032,-0.030517578125,-0.99267578125,-0.2666015625
28.066,0.22021484375,-0.96630859375,-0.291748046875
28.1,0.190185546875,-1.170166015625,-0.2724609375
28.13,0.08935546875,-1.16650390625,-0.217529296875
28.164,0.0224609375,-0.946533203125,-0.152099609375
28.196,0.186279296875,-1.095947265625,-0.158935546875
28.228,0.114990234375,-1.1181640625,-0.1630859375
28.258,0.0166015625,-1.242919921875,-0.09423828125
28.29,0.01513671875,-1.158447265625,-0.120849609375
28.325,0.156982421875,-1.169921875,-0.17041015625
28.357,0.08447265625,-1.22119140625,-0.1875
28.389,0.08056640625,-1.11669921875,-0.148193359375
28.419,0.19189453125,-0.83154296875,-0.198486328125
28.446,0.13818359375,-0.914306640625,-0.277099609375
28.478,0.199462890625,-0.867431640625,-0.35888671875
28.51,0.161865234375,-0.826904296875,-0.3828125
28.535,0.20751953125,-0.810302734375,-0.368408203125
28.567,0.25146484375,-0.78515625,-0.37060546875
28.598,0.185302734375,-0.89794921875,-0.41845703125
28.629,0.089111328125,-0.879638671875,-0.3427734375
28.66,0.0283203125,-0.98388671875,-0.304931640625
28.689,0.22998046875,-0.86572265625,-0.366943359375
28.719,0.183349609375,-1.01904296875,-0.3447265625
28.75,0.11962890625,-1.0390625,-0.256103515625
28.784,0.1064453125,-1.153076171875,-0.235107421875
28.818,0.097900390625,-1.071044921875,-0.22509765625
28.847,0.15087890625,-0.95947265625,-0.2080078125
28.878,0.156494140625,-0.958740234375,-0.196533203125
28.91,0.064208984375,-1.208251953125,-0.134521484375
28.941,0.105712890625,-1.238525390625,-0.17822265625
28.97,0.102294921875,-1.067626953125,-0.194580078125
29.007,0.009765625,-1.14794921875,-0.199462890625
29.038,0.07080078125,-1.205810546875,-0.197021484375
29.072,0.097412109375,-1.048095703125,-0.240966796875
29.104,0.0947265625,-0.97119140625,-0.25341796875
29.139,0.265625,-1.02783203125,-0.26025390625
29.168,0.20068359375,-0.958251953125,-0.368896484375
29.203,0.160400390625,-0.96630859375,-0.330810546875
29.237,0.35546875,-0.565185546875,-0.352294921875
29.277,0.198974609375,-0.69287109375,-0.38134765625
29.298,0.22705078125,-0.788330078125,-0.35546875
29.319,0.2138671875,-0.924560546875,-0.307373046875
29.346,0.076171875,-1.090576171875,-0.25634765625
29.379,0.154296875,-1.079833984375,-0.2431640625
29.411,0.2470703125,-0.970458984375,-0.26611328125
29.445,0.19873046875,-1.09033203125,-0.224609375
29.477,-0.00244140625,-1.185791015625,-0.180419921875
29.51,0.205810546875,-1.077392578125,-0.235595703125
29.542,0.291259765625,-1.085205078125,-0.193359375
29.569,0.109619140625,-1.06201171875,-0.16748046875
29.604,0.123046875,-1.140869140625,-0.185791015625
29.634,0.125732421875,-1.25390625,-0.184326171875
29.662,0.150390625,-1.126708984375,-0.192138671875
29.696,0.218017578125,-0.956787109375,-0.239501953125
29.731,0.239013671875,-0.947998046875,-0.263916015625
29.763,0.186767578125,-0.998046875,-0.2880859375
29.797,0.283935546875,-0.84814453125,-0.31201171875
29.833,0.275634765625,-0.691650390625,-0.36767578125
29.866,0.3232421875,-0.751953125,-0.350341796875
29.895,0.194580078125,-0.916259765625,-0.32470703125
29.929,0.150146484375,-1.04443359375,-0.253662109375
29.963,0.176025390625,-1.016845703125,-0.254150390625
29.997,0.12939453125,-0.977294921875,-0.206298828125
30.028,0.25341796875,-1.181640625,-0.371826171875
30.061,0.1767578125,-1.004638671875,-0.169189453125
30.09,0.11181640625,-1.091064453125,-0.186279296875
30.121,0.234375,-1.27734375,-0.149658203125
30.153,0.1943359375,-1.097900390625,-0.1669921875
30.182,0.271484375,-1.052734375,-0.163330078125
30.214,0.12353515625,-1.071533203125,-0.190673828125
30.243,0.1923828125,-1.052734375,-0.23388671875
30.271,0.1787109375,-0.970458984375,-0.2421875
30.296,0.208984375,-1.01171875,-0.263671875
30.328,0.300048828125,-1.016845703125,-0.303955078125
30.357,0.24267578125,-0.93017578125,-0.26708984375
30.378,0.173828125,-0.886474609375,-0.294189453125
30.399,0.162353515625,-0.87451171875,-0.328125
30.421,0.21630859375,-0.875,-0.306640625
30.443,0.18212890625,-0.954345703125,-0.2998046875
30.466,0.2255859375,-0.8916015625,-0.33642578125
30.488,0.29345703125,-0.901611328125,-0.336669921875
30.515,0.177734375,-0.890869140625,-0.328125
30.543,0.177978515625,-0.988525390625,-0.28857421875
30.572,0.2353515625,-1.06298828125,-0.28173828125
30.599,0.263916015625,-0.9423828125,-0.28076171875
30.624,0.325439453125,-1.015380859375,-0.267578125
30.657,0.227294921875,-1.095947265625,-0.184326171875
30.679,0.192138671875,-1.332763671875,-0.18603515625
30.706,0.10693359375,-1.369873046875,-0.213623046875
30.729,0.156494140625,-1.156982421875,-0.23291015625
30.761,0.160888671875,-0.786376953125,-0.3017578125
30.786,0.2529296875,-0.899169921875,-0.34326171875
30.808,0.181884765625,-0.905517578125,-0.3408203125
30.837,0.211669921875,-1.017822265625,-0.34716796875
30.867,0.21435546875,-0.627197265625,-0.5322265625
30.895,0.259765625,-0.786376953125,-0.381103515625
30.93,0.229248046875,-0.889892578125,-0.306396484375
30.959,0.375732421875,-0.778564453125,-0.39208984375
30.989,0.26171875,-1.003173828125,-0.288818359375
31.017,0.104736328125,-1.021484375,-0.27490234375
31.047,0.270263671875,-0.854248046875,-0.268310546875
31.08,0.160400390625,-1.093994140625,-0.19921875
31.11,0.180908203125,-1.15478515625,-0.19873046875
31.141,0.158447265625,-1.252197265625,-0.181884765625
31.173,0.289794921875,-1.06689453125,-0.172119140625
31.2,0.07177734375,-1.125,-0.159912109375
31.237,0.21240234375,-1.08984375,-0.186767578125
31.271,0.145263671875,-1.130615234375,-0.218994140625
31.302,0.170166015625,-1.03955078125,-0.2265625
31.338,0.308349609375,-0.9169921875,-0.250244140625
31.372,0.1865234375,-0.934814453125,-0.253173828125
31.402,0.26611328125,-0.90283203125,-0.290283203125
31.437,0.21728515625,-0.824951171875,-0.31640625
31.466,0.188232421875,-0.904296875,-0.280517578125
31.495,0.235107421875,-0.87255859375,-0.2919921875
31.527,0.251220703125,-0.9501953125,-0.248779296875
31.551,0.243896484375,-1.07421875,-0.1962890625
31.572,0.11181640625,-1.040283203125,-0.2109375
31.593,0.208984375,-1.079345703125,-0.201904296875
31.615,0.250732421875,-1.099853515625,-0.17138671875
31.636,0.151611328125,-1.09912109375,-0.16845703125
31.658,0.220947265625,-1.05419921875,-0.19189453125
31.679,0.188232421875,-1.203369140625,-0.14501953125
31.7,0.029296875,-1.1962890625,-0.183349609375
31.721,0.127197265625,-1.162841796875,-0.160400390625
31.751,0.116455078125,-1.197265625,-0.21484375
31.78,0.1875,-0.99365234375,-0.22216796875
31.801,0.23388671875,-0.915283203125,-0.26025390625
31.822,0.186279296875,-0.892333984375,-0.30859375
31.845,0.328857421875,-0.8701171875,-0.341796875
31.871,0.276123046875,-0.909912109375,-0.3134765625
31.9,0.338134765625,-0.817626953125,-0.345947265625
31.924,0.20849609375,-0.894287109375,-0.331787109375
31.948,0.153076171875,-0.902099609375,-0.333740234375
31.98,0.31884765625,-0.829833984375,-0.33251953125
32.01,0.1875,-1.019287109375,-0.31591796875
32.034,0.153564453125,-0.9716796875,-0.31298828125
32.068,0.2685546875,-0.90576171875,-0.321044921875
32.103,0.27685546875,-0.896728515625,-0.280517578125
32.132,0.147705078125,-1.03271484375,-0.226318359375
32.159,0.28076171875,-1.001953125,-0.224365234375
32.194,0.282958984375,-1.0400390625,-0.24853515625
32.224,0.26123046875,-1.027587890625,-0.213134765625
32.258,0.23779296875,-0.993408203125,-0.150390625
32.287,0.192138671875,-1.077880859375,-0.136474609375
32.313,0.175537109375,-1.0322265625,-0.16015625
32.339,0.113037109375,-1.025390625,-0.161865234375
32.362,0.086669921875,-1.07080078125,-0.15576171875
32.393,0.03564453125,-1.151611328125,-0.135009765625
32.423,0.049560546875,-1.172119140625,-0.158447265625
32.455,0.252197265625,-1.06396484375,-0.171142578125
32.484,0.109619140625,-1.079833984375,-0.16552734375
32.512,0.29736328125,-0.906494140625,-0.236572265625
32.538,0.328857421875,-0.951171875,-0.281494140625
32.564,0.102294921875,-1.019287109375,-0.32373046875
32.595,0.1982421875,-0.9638671875,-0.334228515625
32.623,0.1728515625,-1.014404296875,-0.362548828125
32.654,-0.013427734375,-1.047607421875,-0.378173828125
32.689,0.072509765625,-1.0390625,-0.37646484375
32.719,0.13671875,-0.9921875,-0.405517578125
32.745,0.119873046875,-1.0556640625,-0.48193359375
32.78,0.0849609375,-1.001708984375,-0.514404296875
32.811,0.019287109375,-1.010009765625,-0.505615234375
32.833,0.156005859375,-0.834716796875,-0.58984375
32.855,0.1064453125,-0.82177734375,-0.58984375
32.879,-0.020263671875,-0.907470703125,-0.528564453125
32.903,0.125732421875,-0.889892578125,-0.586181640625
32.928,0.197509765625,-0.847412109375,-0.6923828125
32.95,0.166259765625,-0.6982421875,-0.632568359375
32.974,0.12841796875,-0.790771484375,-0.57958984375
33.004,0.028076171875,-0.774658203125,-0.5947265625
33.025,0.025146484375,-0.74267578125,-0.59619140625
33.046,0.228515625,-0.68310546875,-0.43798828125
33.068,0.190673828125,-0.683349609375,-0.56787109375
33.1,-0.12255859375,-0.998046875,-0.46142578125
33.132,-0.11669921875,-0.9892578125,-0.4169921875
33.162,0.2626953125,-0.942626953125,-0.379150390625
33.192,0.093994140625,-1.0546875,-0.363037109375
33.217,-0.023193359375,-1.333251953125,-0.307373046875
33.244,0.0615234375,-1.00439453125,-0.27685546875
33.265,0.12841796875,-1.197265625,-0.275146484375
33.295,0.08203125,-1.1650390625,-0.27734375
33.322,-0.060302734375,-1.54345703125,-0.23388671875
33.348,0.14892578125,-1.291015625,-0.271728515625
33.373,0.21435546875,-0.96044921875,-0.319580078125
33.397,0.18798828125,-1.009521484375,-0.295654296875
33.425,0.1083984375,-0.984130859375,-0.35546875
33.448,0.228271484375,-0.77001953125,-0.4345703125
33.476,0.3115234375,-0.728759765625,-0.4658203125
33.501,0.18310546875,-0.835693359375,-0.4296875
33.528,0.062744140625,-0.814208984375,-0.40087890625
33.551,0.062255859375,-0.78662109375,-0.39892578125
33.575,0.137451171875,-0.894287109375,-0.408203125
33.6,0.25341796875,-0.91748046875,-0.393798828125
33.625,0.075927734375,-1.09033203125,-0.382568359375
33.649,0.182861328125,-0.96923828125,-0.31591796875
33.671,0.25634765625,-0.995849609375,-0.283203125
33.701,0.251708984375,-1.2236328125,-0.345947265625
33.727,0.21484375,-1.06689453125,-0.268798828125
33.751,0.188720703125,-0.869873046875,-0.26513671875
33.773,0.142822265625,-0.94580078125,-0.245849609375
33.798,0.304443359375,-0.99560546875,-0.257080078125
33.823,0.23486328125,-1.16357421875,-0.259033203125
33.845,0.2060546875,-1.20654296875,-0.254150390625
33.867,0.15380859375,-1.129638671875,-0.251953125
33.89,0.159912109375,-1.163818359375,-0.199951171875
33.918,0.158447265625,-1.113037109375,-0.2265625
33.94,0.181640625,-1.163818359375,-0.281494140625
33.966,0.241943359375,-1.063720703125,-0.27978515625
33.999,0.115966796875,-1.13134765625,-0.283935546875
34.029,0.212646484375,-0.9775390625,-0.340576171875
34.053,0.22119140625,-0.8818359375,-0.3837890625
34.081,0.260009765625,-0.75390625,-0.340087890625
34.107,0.187744140625,-0.662841796875,-0.427490234375
34.132,0.19140625,-0.8095703125,-0.427978515625
34.157,0.313232421875,-0.6923828125,-0.41064453125
34.184,0.0927734375,-0.7841796875,-0.40283203125
34.208,0.203857421875,-0.984619140625,-0.348388671875
34.235,0.1689453125,-0.91162109375,-0.36669921875
34.261,0.23095703125,-1.0302734375,-0.30029296875
34.294,0.211181640625,-1.104736328125,-0.322509765625
34.315,0.249755859375,-1.148681640625,-0.269287109375
34.336,0.22314453125,-1.135498046875,-0.240234375
34.358,0.220458984375,-1.21630859375,-0.23486328125
34.381,0.147705078125,-1.322509765625,-0.245361328125
34.408,0.16259765625,-1.14404296875,-0.2421875
34.431,0.18310546875,-1.091552734375,-0.229736328125
34.46,0.14013671875,-1.109375,-0.2802734375
34.486,0.20263671875,-1.15234375,-0.30712890625
34.516,0.200927734375,-1.050537109375,-0.33642578125
34.539,0.220458984375,-0.938232421875,-0.3447265625
34.562,0.231689453125,-0.87548828125,-0.3408203125
34.59,0.28125,-0.73095703125,-0.389404296875
34.625,0.208984375,-0.876708984375,-0.4111328125
34.654,0.122802734375,-0.721435546875,-0.48583984375
34.681,0.3603515625,-0.690673828125,-0.43896484375
34.716,0.036376953125,-0.920654296875,-0.363037109375
34.749,0.148681640625,-1.078125,-0.366455078125
34.77,0.21435546875,-1.009033203125,-0.36376953125
34.798,0.19873046875,-1.076416015625,-0.285400390625
34.827,0.1962890625,-1.10400390625,-0.2626953125
34.853,0.1982421875,-1.210693359375,-0.262939453125
34.875,0.16748046875,-1.30859375,-0.264892578125
34.897,0.233154296875,-1.20703125,-0.2626953125
34.919,0.236572265625,-1.050048828125,-0.26171875
34.94,0.15380859375,-1.131103515625,-0.2861328125
34.964,0.12841796875,-1.189697265625,-0.284912109375
34.991,0.18212890625,-1.08349609375,-0.3271484375
35.025,0.183349609375,-0.898681640625,-0.3720703125
35.058,0.231689453125,-0.84619140625,-0.40966796875
35.085,0.26318359375,-0.7080078125,-0.45068359375
35.113,0.2138671875,-0.739501953125,-0.420166015625
35.142,0.17578125,-0.67333984375,-0.400634765625
35.177,0.158935546875,-0.943359375,-0.3994140625
35.199,0.127197265625,-1.018310546875,-0.3720703125
35.225,0.167236328125,-1.0029296875,-0.297607421875
35.256,0.0986328125,-0.9521484375,-0.264404296875
35.283,0.211181640625,-1.229248046875,-0.2763671875
35.314,0.1767578125,-1.204833984375,-0.28271484375
35.343,0.175048828125,-1.2255859375,-0.23095703125
35.374,0.2060546875,-1.158447265625,-0.279052734375
35.399,0.151123046875,-1.167236328125,-0.270751953125
35.428,0.135498046875,-1.201416015625,-0.283447265625
35.458,0.127685546875,-1.122314453125,-0.31884765625
35.491,0.263427734375,-0.864501953125,-0.384765625
35.525,0.206298828125,-0.87744140625,-0.4296875
35.561,0.1689453125,-0.82470703125,-0.6376953125
35.592,0.2685546875,-0.618408203125,-0.461181640625
35.623,0.24755859375,-0.867919921875,-0.44482421875
35.654,0.15283203125,-0.85595703125,-0.487548828125
35.692,0.238525390625,-0.88232421875,-0.316162109375
35.717,0.206787109375,-0.857421875,-0.439208984375
35.745,0.265380859375,-0.841064453125,-0.399658203125
35.776,0.19677734375,-0.884521484375,-0.376953125
35.807,0.16748046875,-1.200439453125,-0.323486328125
35.842,0.21533203125,-1.089111328125,-0.30517578125
35.874,0.181884765625,-1.095703125,-0.29052734375
35.899,0.123779296875,-1.095947265625,-0.281982421875
35.921,0.2373046875,-1.118408203125,-0.269775390625
35.943,0.240234375,-1.06689453125,-0.28125
35.965,0.16064453125,-1.10791015625,-0.255126953125
35.988,0.1357421875,-1.132080078125,-0.27587890625
36.011,0.180908203125,-1.1591796875,-0.2880859375
36.033,0.214599609375,-1.094970703125,-0.296142578125
36.061,0.1806640625,-1.055908203125,-0.299560546875
36.089,0.1669921875,-1.090576171875,-0.30029296875
36.112,0.240234375,-1.017333984375,-0.38671875
36.144,0.24951171875,-0.980712890625,-0.392333984375
36.17,0.29931640625,-0.80615234375,-0.40625
36.191,0.365234375,-0.7080078125,-0.421630859375
36.212,0.1767578125,-0.528076171875,-0.417236328125
36.243,0.320068359375,-0.81298828125,-0.301513671875
36.274,0.01123046875,-0.933349609375,-0.55126953125
36.304,0.211669921875,-0.94091796875,-0.351318359375
36.333,0.1025390625,-0.952392578125,-0.316162109375
36.366,0.180908203125,-1.102294921875,-0.299560546875
36.399,0.27783203125,-1.190673828125,-0.29638671875
36.424,0.35546875,-1.1748046875,-0.273681640625
36.456,0.17822265625,-1.161376953125,-0.25
36.492,0.216064453125,-1.1025390625,-0.28466796875
36.514,0.19873046875,-1.09326171875,-0.30908203125
36.538,0.16455078125,-1.10400390625,-0.304931640625
36.571,0.1787109375,-1.114013671875,-0.30859375
36.602,0.2421875,-1.04345703125,-0.23486328125
36.633,0.246337890625,-0.99609375,-0.369384765625
36.665,0.314453125,-0.848388671875,-0.355224609375
36.699,0.268798828125,-0.842041015625,-0.42626953125
36.73,0.262451171875,-0.9697265625,-0.414306640625
36.766,0.2578125,-0.731689453125,-0.46337890625
36.813,0.2265625,-0.91455078125,-0.422607421875
36.835,0.20556640625,-0.937744140625,-0.409912109375
36.856,0.253173828125,-1.021484375,-0.376220703125
36.878,0.22021484375,-0.9521484375,-0.40234375
36.908,0.30322265625,-0.9453125,-0.39404296875
36.94,0.28369140625,-0.945068359375,-0.357177734375
36.974,0.347900390625,-0.9228515625,-0.35498046875
37.008,0.36083984375,-0.968994140625,-0.312255859375
37.04,0.18603515625,-1.00830078125,-0.3134765625
37.072,0.3076171875,-1.00439453125,-0.293701171875
37.107,0.3271484375,-1.06103515625,-0.281494140625
37.137,0.162841796875,-1.094482421875,-0.1982421875
37.171,0.17578125,-1.159423828125,-0.24365234375
37.205,0.164306640625,-1.200439453125,-0.197509765625
37.236,0.18017578125,-1.141357421875,-0.22216796875
37.266,0.173095703125,-1.005859375,-0.247802734375
37.298,0.093994140625,-1.255615234375,-0.24072265625
37.328,0.285400390625,-0.92822265625,-0.306884765625
37.357,0.310302734375,-0.812744140625,-0.34716796875
37.391,0.234130859375,-0.797607421875,-0.392578125
37.426,0.298095703125,-0.655517578125,-0.406005859375
37.457,0.314697265625,-0.794677734375,-0.381103515625
37.489,0.206298828125,-0.95361328125,-0.289306640625
37.519,-0.03515625,-1.329833984375,-0.220458984375
37.55,-0.286376953125,-1.216064453125,-0.346923828125
37.579,0.02978515625,-1.155517578125,-0.519287109375
37.608,0.167236328125,-0.946533203125,-0.402587890625
37.631,-0.396484375,-0.724609375,-0.427490234375
37.659,-0.54345703125,-0.809814453125,-0.5078125
37.689,-0.41455078125,-0.959716796875,-0.585205078125
37.716,-0.20458984375,-0.835693359375,-0.587158203125
37.748,-0.466796875,-0.9912109375,-0.571044921875
37.779,-0.21337890625,-1.04443359375,-0.555419921875
37.809,-0.276611328125,-0.661865234375,-0.564697265625
37.842,-0.16650390625,-0.72998046875,-0.5302734375
37.875,-0.000244140625,-0.72900390625,-0.563232421875
37.905,-0.11376953125,-0.989990234375,-0.577880859375
37.941,0.0478515625,-1.138671875,-0.55126953125
37.971,0.189697265625,-1.040771484375,-0.538818359375
38.003,0.238525390625,-0.879150390625,-0.482666015625
38.037,0.1923828125,-1.083251953125,-0.5244140625
38.067,-0.1474609375,-1.19189453125,-0.488525390625
38.1,-0.358642578125,-1.029541015625,-0.488037109375
38.13,-0.258544921875,-0.58203125,-0.48681640625
38.159,-0.440673828125,-0.690673828125,-0.494140625
38.188,-0.560546875,-0.8935546875,-0.40966796875
38.221,-0.224609375,-0.9833984375,-0.442138671875
38.252,0.05859375,-1.074951171875,-0.3955078125
38.285,0.42578125,-1.1630859375,-0.486328125
38.316,0.50244140625,-1.166259765625,-0.478515625
38.348,0.520751953125,-0.995849609375,-0.484375
38.38,0.28662109375,-0.984619140625,-0.43505859375
38.411,0.056884765625,-0.96533203125,-0.44873046875
38.446,-0.308349609375,-1.010986328125,-0.409912109375
38.475,-0.550537109375,-0.96875,-0.39306640625
38.508,-0.320068359375,-0.963623046875,-0.376953125
38.539,-0.241943359375,-0.98095703125,-0.372802734375
38.57,0.080810546875,-1.0302734375,-0.49072265625
38.602,0.296875,-1.112548828125,-0.50244140625
38.634,0.497802734375,-1.006103515625,-0.497802734375
38.667,0.334228515625,-0.935302734375,-0.512939453125
38.697,0.275146484375,-0.896728515625,-0.51025390625
38.72,-0.20849609375,-1.041015625,-0.08154296875
38.756,-0.327392578125,-0.9560546875,-0.71826171875
38.784,-0.146484375,-0.878173828125,-0.437744140625
38.818,-0.147216796875,-1.0205078125,-0.4267578125
38.85,-0.259765625,-1.335205078125,-0.509033203125
38.877,0.08203125,-1.072998046875,-0.549072265625
38.906,0.00048828125,-0.97412109375,-0.396240234375
38.937,-0.294189453125,-0.534912109375,-0.56396484375
38.97,0.073486328125,-0.767333984375,-0.65478515625
39.0,0.18603515625,-0.72314453125,-0.73583984375
39.029,0.18603515625,-0.8115234375,-0.681884765625
39.059,-0.020263671875,-0.86328125,-0.73193359375
39.086,-0.1064453125,-0.921142578125,-0.829345703125
39.119,0.4267578125,-0.7177734375,-0.84912109375
39.151,0.498291015625,-0.6357421875,-0.762939453125
39.179,0.434326171875,-0.70263671875,-0.50146484375
39.21,-0.41357421875,-0.3193359375,0.68896484375
39.243,-0.029296875,-0.322509765625,-0.451904296875
39.269,0.071533203125,-1.20849609375,0.088623046875
39.297,-0.048095703125,-2.0,-0.021484375
39.343,-0.191162109375,-1.1650390625,-0.23828125
39.364,-0.307861328125,-1.40283203125,-0.321533203125
39.385,0.257080078125,-1.514404296875,-0.40673828125
39.41,0.330810546875,-1.462646484375,-0.440673828125
39.441,-0.048828125,-1.197998046875,-0.343505859375
39.47,0.5048828125,-0.672119140625,-0.16455078125
39.5,0.22412109375,-0.031982421875,-0.62646484375
39.533,0.302490234375,-0.23193359375,-0.5703125
39.566,0.30322265625,-0.07373046875,-0.368896484375
39.597,0.382568359375,-0.5419921875,-0.333984375
39.634,-0.16748046875,-1.89013671875,-0.29443359375
39.668,-0.20947265625,-2.0,-0.281494140625
39.699,-0.052734375,-1.490234375,-0.335693359375
39.723,-0.0068359375,-1.392333984375,-0.388671875
39.759,0.278564453125,-0.75,-0.390380859375
39.79,0.253662109375,-0.400146484375,-0.4462890625
39.821,0.49267578125,-0.04150390625,-0.628662109375
39.855,0.501953125,-0.102294921875,-0.332763671875
39.89,0.02978515625,-1.068603515625,-0.390380859375
39.923,-0.17529296875,-1.65966796875,-0.312255859375
39.957,-0.4931640625,-1.9140625,-0.3017578125
39.992,0.034912109375,-1.355224609375,-0.38720703125
40.019,-0.088134765625,-0.95703125,-0.37255859375
40.051,0.232177734375,-0.558837890625,-0.418701171875
40.087,0.296875,-0.771728515625,-0.5048828125
40.114,0.575927734375,-0.733642578125,-0.5478515625
40.148,0.603759765625,-0.677978515625,-0.611083984375
40.182,0.29931640625,-0.846435546875,-0.555908203125
40.213,0.126708984375,-0.8583984375,-0.471435546875
40.241,-0.209228515625,-0.985595703125,-0.339111328125
40.267,-0.4609375,-1.42138671875,-0.36572265625
40.301,-0.8173828125,-1.612548828125,-0.319091796875
40.33,-0.190673828125,-1.345947265625,-0.396728515625
40.354,0.061767578125,-1.037353515625,-0.4599609375
40.389,0.662109375,-0.68115234375,-0.454345703125
40.417,0.540283203125,-0.501708984375,-0.555419921875
40.45,0.300048828125,-0.27392578125,-0.462646484375
40.486,0.324462890625,-0.36865234375,-0.52001953125
40.515,0.345703125,-0.57421875,-0.920654296875
40.546,-0.171142578125,-1.59716796875,-0.282958984375
40.582,-0.703125,-2.0,-0.2724609375
40.617,-0.0087890625,-1.524658203125,-0.349365234375
40.647,0.06005859375,-1.1669921875,-0.3798828125
40.68,0.343505859375,-0.61083984375,-0.44677734375
40.711,0.55322265625,-0.340087890625,-0.50634765625
40.741,0.13427734375,-0.494873046875,-0.5107421875
40.768,0.2470703125,-0.611572265625,-0.60107421875
40.801,0.24853515625,-0.661376953125,-0.635498046875
40.833,0.3037109375,-0.669189453125,-0.584228515625
40.864,-0.162841796875,-1.223876953125,-0.403564453125
40.896,0.046875,-1.34814453125,-0.460205078125
40.923,-0.080810546875,-1.598876953125,-0.40234375
40.952,-0.390869140625,-1.607421875,-0.390380859375
40.975,-0.189697265625,-1.5703125,-0.42626953125
40.999,0.36279296875,-0.96240234375,-0.50048828125
41.021,0.569091796875,-0.4609375,-0.47216796875
41.047,0.307861328125,-0.29296875,-0.511474609375
41.069,0.312744140625,-0.24169921875,-0.533447265625
41.093,0.4609375,-0.40185546875,-0.5341796875
41.114,0.2705078125,-0.554931640625,-0.502197265625
41.137,0.1416015625,-1.01220703125,-0.43017578125
41.16,-0.085205078125,-1.714111328125,-0.42138671875
41.183,-0.576904296875,-1.9130859375,-0.41845703125
41.207,-0.21533203125,-1.49560546875,-0.44287109375
41.228,0.045654296875,-1.245361328125,-0.46484375
41.249,-0.11279296875,-0.95947265625,-0.464111328125
41.273,0.38525390625,-0.58349609375,-0.559326171875
41.298,0.754638671875,-0.350341796875,-0.599365234375
41.323,0.4228515625,-0.279541015625,-0.561279296875
41.344,0.23486328125,-0.545166015625,-0.544921875
41.369,0.17431640625,-0.85791015625,-0.471923828125
41.396,-0.093994140625,-1.28857421875,-0.4453125
41.428,-0.650146484375,-1.66796875,-0.47119140625
41.461,-0.1298828125,-1.448486328125,-0.443115234375
41.494,0.35205078125,-0.7841796875,-0.557373046875
41.529,0.616943359375,-0.387939453125,-0.529052734375
41.558,0.40966796875,-0.04248046875,-0.55322265625
41.59,0.2587890625,-0.81201171875,-0.5166015625
41.625,-0.504150390625,-1.939697265625,-0.519775390625
41.646,-0.455322265625,-1.85986328125,-0.503173828125
41.674,-0.091796875,-1.272216796875,-0.469482421875
41.706,0.3076171875,-0.4775390625,-0.627685546875
41.736,0.66162109375,-0.178955078125,-0.581298828125
41.765,0.30615234375,-0.353759765625,-0.531494140625
41.797,0.135498046875,-1.0751953125,-0.49560546875
41.829,-0.363525390625,-1.6513671875,-0.542724609375
41.872,-0.037841796875,-1.24560546875,-0.545166015625
41.894,0.055419921875,-0.9453125,-0.580810546875
41.915,0.202880859375,-0.89501953125,-0.54443359375
41.938,0.428466796875,-0.545654296875,-0.5732421875
41.964,0.43017578125,-0.504638671875,-0.556396484375
41.988,0.264892578125,-0.37548828125,-0.552734375
42.013,0.3720703125,-0.632568359375,-0.59228515625
42.038,-0.10546875,-1.493408203125,-0.43310546875
42.06,-0.68212890625,-2.0,-0.451904296875
42.09,0.039794921875,-1.342041015625,-0.551513671875
42.12,0.15380859375,-0.8251953125,-0.611572265625
42.149,0.532958984375,-0.466796875,-0.625
42.179,0.49853515625,-0.142333984375,-0.5703125
42.213,0.338623046875,-0.68310546875,-0.5078125
42.245,-0.1513671875,-1.523681640625,-0.43408203125
42.274,-0.21630859375,-1.68017578125,-0.489990234375
42.305,0.002197265625,-1.2529296875,-0.469970703125
42.339,0.077880859375,-0.944091796875,-0.51806640625
42.367,0.173828125,-0.846923828125,-0.498046875
42.397,0.6103515625,-0.338134765625,-0.583251953125
42.43,0.063232421875,-0.8046875,-0.552734375
42.458,-0.020263671875,-1.244140625,-0.55810546875
42.484,-0.180908203125,-1.449462890625,-0.5556640625
42.512,0.036376953125,-1.0556640625,-0.5576171875
42.544,0.263671875,-0.603271484375,-0.047607421875
42.571,0.53564453125,-0.48388671875,-0.597900390625
42.604,0.272216796875,-0.53662109375,-0.52197265625
42.632,0.094482421875,-1.088134765625,-0.53076171875
42.664,-0.260009765625,-1.721435546875,-0.5478515625
42.694,0.043701171875,-1.3369140625,-0.50439453125
42.727,0.21923828125,-0.76611328125,-0.5302734375
42.757,0.52978515625,-0.29296875,-0.595947265625
42.789,0.35546875,-0.406005859375,-0.568359375
42.819,0.20849609375,-0.943115234375,-0.566650390625
42.852,-0.278564453125,-1.54931640625,-0.456298828125
42.882,0.085205078125,-1.51220703125,-0.4814453125
42.914,0.04345703125,-0.9326171875,-0.60888671875
42.948,0.567138671875,-0.4052734375,-0.59619140625
42.976,0.447265625,-0.383056640625,-0.36767578125
43.013,0.12548828125,-0.90087890625,-0.53466796875
43.046,-0.00634765625,-0.8388671875,-0.420166015625
43.075,0.026123046875,-1.06005859375,-0.396728515625
43.106,0.259033203125,-1.1796875,-0.37939453125
43.14,0.240478515625,-1.318603515625,-0.305908203125
43.171,0.445068359375,-0.9970703125,-0.364013671875
43.201,0.4931640625,-0.717041015625,-0.408447265625
43.236,0.22998046875,-1.048095703125,-0.32373046875
43.268,0.114013671875,-1.105712890625,-0.27490234375
43.295,0.31396484375,-0.9765625,-0.35595703125
43.319,0.368896484375,-0.91796875,-0.400390625
43.348,0.487060546875,-0.5869140625,-0.384521484375
43.375,0.306640625,-0.888916015625,-0.351806640625
43.402,0.181396484375,-1.263671875,-0.275634765625
43.433,0.083984375,-1.436767578125,-0.25537109375
43.466,0.4345703125,-1.01123046875,-0.349609375
43.495,0.484375,-0.72265625,-0.47216796875
43.531,0.451171875,-0.386474609375,-0.46630859375
43.564,0.173828125,-1.06640625,-0.292236328125
43.592,0.022216796875,-1.52734375,-0.244384765625
43.624,0.188720703125,-1.66455078125,-0.198974609375
43.657,0.379638671875,-0.857177734375,-0.39013671875
43.686,0.503173828125,-0.3671875,-0.577392578125
43.717,0.499267578125,-0.322998046875,-0.5087890625
43.75,0.29248046875,-0.97119140625,-0.308837890625
43.783,-0.11328125,-1.771484375,-0.22705078125
43.815,0.222900390625,-1.756591796875,-0.2041015625
43.847,0.450927734375,-0.673095703125,-0.4521484375
43.878,0.511474609375,-0.125,-0.504638671875
43.907,0.269287109375,-0.747314453125,-0.403564453125
43.936,0.180419921875,-1.07958984375,-0.32568359375
43.968,0.045654296875,-1.77783203125,-0.283447265625
44.001,0.275390625,-1.311279296875,-0.35009765625
44.036,0.47265625,-0.47607421875,-0.52978515625
44.068,0.23876953125,-0.371337890625,-0.50634765625
44.1,0.225830078125,-0.860107421875,-0.3896484375
44.134,0.026123046875,-1.538330078125,-0.383544921875
44.168,0.275390625,-1.1826171875,-0.394775390625
44.201,0.294189453125,-0.964599609375,-0.42578125
44.234,0.390869140625,-0.498779296875,-0.514404296875
44.266,0.413330078125,-0.47900390625,-0.541259765625
44.297,0.1845703125,-0.93994140625,-0.43310546875
44.329,-0.175048828125,-1.73388671875,-0.29443359375
44.374,0.10205078125,-0.969970703125,-0.445556640625
44.395,0.290771484375,-1.04150390625,-0.426025390625
44.416,0.225341796875,-0.662353515625,-0.522705078125
44.447,0.3330078125,-0.594482421875,-0.579833984375
44.478,0.516357421875,-0.652099609375,-0.55126953125
44.51,0.02197265625,-1.147216796875,-0.428466796875
44.544,-0.1591796875,-1.74072265625,-0.43896484375
44.578,0.159912109375,-0.975341796875,-0.498291015625
44.609,0.455322265625,-0.501708984375,-0.571044921875
44.639,0.4697265625,-0.278564453125,-0.625
44.67,0.12109375,-0.9208984375,-0.40625
44.7,-0.0673828125,-1.65673828125,-0.343017578125
44.725,0.080078125,-1.53564453125,-0.3896484375
44.758,0.134033203125,-1.153076171875,-0.379638671875
44.789,0.350341796875,-0.512939453125,-0.5771484375
44.818,0.38232421875,-0.34423828125,-0.568359375
44.851,0.1298828125,-1.021484375,-0.432861328125
44.884,-0.01904296875,-1.564697265625,-0.366455078125
44.915,0.148193359375,-1.194580078125,-0.416748046875
44.943,0.158935546875,-0.99609375,-0.473876953125
44.975,0.507080078125,-0.51318359375,-0.5478515625
45.008,0.142578125,-0.686767578125,-0.52978515625
45.037,0.18408203125,-1.002197265625,-0.393798828125
45.069,-0.02001953125,-1.462646484375,-0.451904296875
45.096,0.084716796875,-1.182861328125,-0.41064453125
45.122,0.156982421875,-0.909423828125,-0.469482421875
45.153,0.370361328125,-0.6806640625,-0.531005859375
45.185,0.277587890625,-0.82568359375,-0.47802734375
45.216,0.19384765625,-0.849365234375,-0.449462890625
45.247,0.12158203125,-1.0576171875,-0.446533203125
45.276,0.056640625,-1.38037109375,-0.37255859375
45.309,0.176025390625,-0.86474609375,-0.457763671875
45.336,0.279296875,-0.8193359375,-0.466796875
45.367,0.240966796875,-0.75732421875,-0.49755859375
45.4,0.44775390625,-0.72412109375,-0.47412109375
45.43,0.237548828125,-0.94970703125,-0.48291015625
45.458,-0.123291015625,-1.410888671875,-0.294189453125
45.492,0.077392578125,-1.35986328125,-0.296142578125
45.524,0.35009765625,-0.91357421875,-0.406005859375
45.555,0.406005859375,-0.62353515625,-0.493408203125
45.587,0.364990234375,-0.5419921875,-0.474609375
45.623,0.03955078125,-1.099609375,-0.356689453125
45.652,-0.033203125,-1.5322265625,-0.30908203125
45.686,0.133056640625,-1.09912109375,-0.488525390625
45.719,0.2978515625,-0.874267578125,-0.438232421875
45.746,0.44873046875,-0.62158203125,-0.42333984375
45.777,0.0615234375,-0.906005859375,-0.38818359375
45.812,0.164794921875,-1.0576171875,-0.3896484375
45.843,0.135009765625,-1.40234375,-0.373291015625
45.877,0.22265625,-1.060302734375,-0.280517578125
45.91,0.369873046875,-0.739990234375,-0.446533203125
45.938,0.30517578125,-0.601806640625,-0.48095703125
45.969,0.1552734375,-0.890625,-0.474365234375
46.003,0.003662109375,-1.592529296875,-0.330810546875
46.035,0.13671875,-1.132568359375,-0.3642578125
46.064,0.310791015625,-0.93017578125,-0.45166015625
46.094,0.45654296875,-0.497802734375,-0.477294921875
46.129,0.135009765625,-0.879638671875,-0.398193359375
46.157,0.1220703125,-1.05029296875,-0.400146484375
46.191,0.02783203125,-1.445068359375,-0.391845703125
46.223,0.196044921875,-1.056884765625,-0.313720703125
46.253,0.356689453125,-0.681884765625,-0.5263671875
46.287,0.358642578125,-0.390625,-0.548095703125
46.322,0.1630859375,-0.884765625,-0.43798828125
46.351,-0.057861328125,-1.6474609375,-0.30615234375
46.382,0.077880859375,-1.656005859375,-0.28662109375
46.417,0.43994140625,-0.7099609375,-0.47216796875
46.447,0.30419921875,-0.364013671875,-0.5546875
46.479,0.322998046875,-0.677001953125,-0.487548828125
46.51,0.25244140625,-0.93212890625,-0.46337890625
46.532,0.01513671875,-1.38720703125,-0.3896484375
46.554,-0.03955078125,-1.659912109375,-0.38525390625
46.578,0.02490234375,-1.2216796875,-0.38037109375
46.611,0.309814453125,-0.89013671875,-0.447509765625
46.648,0.238525390625,-0.5849609375,-0.49609375
46.679,0.157470703125,-1.0712890625,-0.43896484375
46.712,0.0576171875,-0.958740234375,-0.54736328125
46.743,0.33056640625,-0.93212890625,-0.544189453125
46.775,0.242919921875,-0.900634765625,-0.55908203125
46.811,0.22314453125,-0.752197265625,-0.58154296875
46.846,0.12451171875,-0.916259765625,-0.604248046875
46.889,0.21923828125,-0.9638671875,-0.690185546875
46.911,0.370849609375,-0.7138671875,-0.626220703125
46.932,0.2578125,-0.674560546875,-0.66162109375
46.957,0.20556640625,-0.707763671875,-0.595458984375
46.989,0.24267578125,-0.88916015625,-0.490234375
47.022,0.079345703125,-1.20556640625,-0.54052734375
47.057,-0.079833984375,-1.08251953125,-0.506103515625
47.089,0.23046875,-0.869384765625,-0.52197265625
47.125,0.150634765625,-0.951171875,-0.43017578125
47.16,0.0029296875,-1.099365234375,-0.43212890625
47.189,0.091064453125,-1.221923828125,-0.468505859375
47.212,-0.002197265625,-1.310546875,-0.438720703125
47.243,-0.096435546875,-1.224609375,-0.423095703125
47.274,0.032470703125,-1.181884765625,-0.425537109375
47.308,-0.16357421875,-1.170654296875,-0.39599609375
47.34,0.158447265625,-0.78564453125,-0.440185546875
47.37,0.1494140625,-0.710693359375,-0.6083984375
47.403,0.09326171875,-0.85693359375,-0.628173828125
47.44,0.306884765625,-0.7802734375,-0.5927734375
47.471,0.1181640625,-0.68701171875,-0.61962890625
47.504,0.23828125,-0.894287109375,-0.559326171875
47.527,0.21240234375,-0.840576171875,-0.60791015625
47.557,0.2099609375,-0.873291015625,-0.651123046875
47.587,0.240478515625,-0.973876953125,-0.607666015625
47.616,0.134033203125,-1.0390625,-0.632080078125
47.648,0.2294921875,-0.82177734375,-0.611572265625
47.681,0.343505859375,-0.77587890625,-0.5322265625
47.715,0.14013671875,-0.920166015625,-0.47607421875
47.748,0.149658203125,-1.016845703125,-0.40576171875
47.779,0.21044921875,-1.004150390625,-0.49169921875
47.814,0.172119140625,-1.25732421875,-0.327880859375
47.847,0.03564453125,-1.0986328125,-0.3310546875
47.879,0.13134765625,-1.05712890625,-0.363525390625
47.913,0.1845703125,-1.27197265625,-0.298095703125
47.947,-0.039794921875,-1.090087890625,-0.295166015625
47.982,0.07080078125,-1.136962890625,-0.330810546875
48.015,0.173095703125,-1.097412109375,-0.378173828125
48.049,0.120849609375,-0.790771484375,-0.452392578125
48.082,0.36279296875,-0.697265625,-0.533447265625
48.112,0.366455078125,-0.585693359375,-0.501220703125
48.144,0.081298828125,-0.775390625,-0.437744140625
48.177,0.105224609375,-1.135498046875,-0.43408203125
48.207,0.265380859375,-1.077880859375,-0.40869140625
48.239,0.2197265625,-0.859619140625,-0.450439453125
48.273,0.21875,-1.227783203125,-0.3212890625
48.305,0.13720703125,-1.25341796875,-0.326416015625
48.339,0.131103515625,-1.17138671875,-0.37890625
48.373,0.102783203125,-1.009765625,-0.359375
48.406,0.072265625,-1.181884765625,-0.26025390625
48.437,0.062255859375,-1.085205078125,-0.30712890625
48.47,0.188720703125,-1.078369140625,-0.2861328125
48.5,0.2021484375,-0.883544921875,-0.4248046875
48.533,0.168701171875,-0.74267578125,-0.460205078125
48.565,0.3193359375,-0.790771484375,-0.54736328125
48.593,0.410888671875,-0.730224609375,-0.568603515625
48.615,0.40234375,-0.73486328125,-0.57763671875
48.648,0.286865234375,-0.724609375,-0.545166015625
48.684,0.381591796875,-0.630615234375,-0.5126953125
48.715,0.419189453125,-0.82861328125,-0.495849609375
48.747,0.228271484375,-1.080810546875,-0.346435546875
48.78,0.23046875,-1.118896484375,-0.281494140625
48.81,0.301513671875,-1.055908203125,-0.444091796875
48.842,0.4541015625,-1.205322265625,-0.256591796875
48.876,0.115234375,-1.096435546875,-0.223876953125
48.906,0.1572265625,-1.13330078125,-0.2919921875
48.936,0.430419921875,-1.300537109375,-0.29248046875
48.97,0.19482421875,-1.251708984375,-0.1845703125
49.004,0.08935546875,-1.0146484375,-0.324951171875
49.031,0.217041015625,-1.023681640625,-0.36767578125
49.066,0.299072265625,-0.932373046875,-0.363037109375
49.099,0.21533203125,-0.7255859375,-0.446533203125
49.13,0.2509765625,-0.746337890625,-0.5478515625
49.166,0.28857421875,-0.721923828125,-0.463134765625
49.199,0.3134765625,-0.897705078125,-0.583251953125
49.229,0.412841796875,-0.95068359375,-0.574951171875
49.261,0.3154296875,-0.793701171875,-0.475341796875
49.298,0.271240234375,-0.75048828125,-0.4990234375
49.329,0.373291015625,-0.858642578125,-0.479248046875
49.362,0.392822265625,-1.116943359375,-0.378662109375
49.406,0.18798828125,-1.42919921875,-0.2177734375
49.427,0.073974609375,-1.585205078125,-0.2041015625
49.448,0.1416015625,-1.309814453125,-0.30859375
49.479,0.2373046875,-0.908447265625,-0.353515625
49.511,0.33984375,-0.68896484375,-0.521728515625
49.54,0.46484375,-0.42626953125,-0.507080078125
49.573,0.291259765625,-0.64794921875,-0.4599609375
49.609,0.215087890625,-1.44970703125,-0.26416015625
49.643,0.10498046875,-1.762451171875,-0.22607421875
49.677,0.308837890625,-0.874267578125,-0.445556640625
49.71,0.35986328125,-0.5986328125,-0.551513671875
49.74,0.413818359375,-0.435302734375,-0.53466796875
49.775,0.310791015625,-0.73828125,-0.669189453125
49.81,0.211669921875,-1.291748046875,-0.313720703125
49.839,0.151123046875,-1.791015625,-0.23046875
49.87,0.21435546875,-1.026123046875,-0.399658203125
49.902,0.292236328125,-0.75,-0.459228515625
49.932,0.284912109375,-0.728515625,-0.552978515625
49.964,0.4677734375,-0.7255859375,-0.48486328125
49.995,0.455078125,-0.7978515625,-0.447998046875
50.021,0.27587890625,-0.918212890625,-0.45263671875
50.048,0.255859375,-1.0283203125,-0.40234375
50.082,0.235107421875,-1.25,-0.296630859375
50.116,0.222412109375,-1.048828125,-0.39013671875
50.144,0.36328125,-0.887451171875,-0.4091796875
50.178,0.331787109375,-0.958984375,-0.399658203125
50.208,0.31201171875,-0.943603515625,-0.385009765625
50.24,0.342041015625,-1.033203125,-0.37353515625
50.273,0.332275390625,-0.966552734375,-0.379638671875
50.308,0.293212890625,-0.987548828125,-0.38330078125
50.341,0.321533203125,-0.9384765625,-0.38525390625
50.373,0.306396484375,-1.08544921875,-0.345458984375
50.407,0.35888671875,-1.046875,-0.404296875
50.439,0.34375,-0.75830078125,-0.44775390625
50.47,0.399169921875,-0.61376953125,-0.449462890625
50.501,0.318603515625,-0.827392578125,-0.408203125
50.534,0.340087890625,-1.09521484375,-0.326416015625
50.563,0.3515625,-1.267333984375,-0.261474609375
50.597,0.26025390625,-1.06591796875,-0.322021484375
50.628,0.364990234375,-0.855712890625,-0.3564453125
50.656,0.33935546875,-0.970703125,-0.35107421875
50.689,0.352294921875,-0.76416015625,-0.30810546875
50.724,0.39697265625,-0.86865234375,-0.29248046875
50.758,0.401611328125,-0.900390625,-0.333984375
50.792,0.30029296875,-0.8671875,-0.26904296875
50.824,0.3271484375,-0.950439453125,-0.26708984375
50.851,0.368408203125,-0.98095703125,-0.239990234375
50.875,0.421630859375,-1.03466796875,-0.177001953125
50.906,0.3447265625,-1.099609375,-0.17724609375
50.93,0.318603515625,-1.0634765625,-0.136962890625
50.957,0.4189453125,-0.89794921875,-0.178466796875
50.98,0.38037109375,-0.780517578125,-0.200439453125
51.007,0.30810546875,-0.7431640625,-0.239501953125
51.034,0.265625,-0.845947265625,-0.10986328125
51.059,0.25634765625,-0.986572265625,-0.06201171875
51.082,0.225341796875,-1.124755859375,-0.048583984375
51.103,0.235595703125,-1.216552734375,-0.011474609375
51.128,0.292724609375,-1.259521484375,0.02099609375
51.151,0.414306640625,-1.12744140625,0.09814453125
51.172,0.4619140625,-0.943115234375,-0.03857421875
51.197,0.30859375,-0.796875,-0.08642578125
51.221,0.139404296875,-0.80517578125,-0.035888671875
51.255,0.044677734375,-1.1865234375,0.24853515625
51.289,0.265625,-0.783447265625,-0.10546875
51.323,0.388916015625,-0.814697265625,-0.054443359375
51.356,0.223876953125,-1.10986328125,0.036376953125
51.391,0.351806640625,-1.03125,0.02880859375
51.426,0.273681640625,-0.890625,-0.0869140625
51.459,0.255615234375,-0.94677734375,-0.004638671875
51.488,0.27001953125,-1.03271484375,-0.01025390625
51.523,0.24169921875,-0.99951171875,-0.029052734375
51.555,0.138427734375,-0.962646484375,-0.0234375
51.585,0.422119140625,-0.901611328125,-0.0302734375
51.618,0.212646484375,-0.842041015625,-0.050537109375
51.651,0.071533203125,0.01318359375,-0.155517578125
51.682,0.1201171875,-0.99658203125,-0.040283203125
51.72,0.083740234375,-1.0224609375,-0.06640625
51.755,0.099365234375,-1.009765625,-0.0673828125
51.784,0.108642578125,-1.00927734375,-0.077392578125
51.819,0.10595703125,-1.009765625,-0.076171875
51.851,0.1083984375,-1.00439453125,-0.072509765625
51.881,0.118896484375,-1.001953125,-0.06640625
51.924,0.111572265625,-1.001708984375,-0.080322265625
51.945,0.115478515625,-0.997802734375,-0.071044921875
51.966,0.116943359375,-1.002197265625,-0.072509765625
51.99,0.112060546875,-1.002685546875,-0.07958984375
52.021,0.113525390625,-1.008544921875,-0.07763671875
52.053,0.11181640625,-1.006103515625,-0.07568359375
52.082,0.11572265625,-1.003662109375,-0.07275390625
52.114,0.112060546875,-1.0068359375,-0.079345703125
52.145,0.1171875,-1.006103515625,-0.0703125
52.177,0.114990234375,-1.001953125,-0.0703125
52.208,0.119140625,-1.001220703125,-0.08203125
52.243,0.119140625,-1.001708984375,-0.067626953125
52.278,0.116455078125,-0.9990234375,-0.0732421875
52.306,0.114501953125,-1.005126953125,-0.078857421875
52.334,0.110595703125,-1.001220703125,-0.072021484375
52.37,0.116455078125,-1.003173828125,-0.0712890625
52.395,0.11474609375,-1.009033203125,-0.081787109375
52.429,0.11083984375,-1.00634765625,-0.072998046875
52.462,0.111083984375,-1.00830078125,-0.075439453125
52.493,0.114501953125,-1.01025390625,-0.080078125
52.521,0.107421875,-1.002685546875,-0.080078125
52.555,0.114990234375,-1.000732421875,-0.079833984375
52.59,0.1142578125,-1.00439453125,-0.0712890625
52.616,0.11376953125,-1.001708984375,-0.075439453125
52.644,0.109130859375,-1.0048828125,-0.0712890625
52.675,0.113037109375,-0.996826171875,-0.0712890625
52.706,0.10888671875,-1.005126953125,-0.06640625
52.74,0.107177734375,-0.99853515625,-0.076904296875
52.774,0.11181640625,-1.010009765625,-0.072021484375
52.804,0.114013671875,-1.006591796875,-0.068359375
52.838,0.10888671875,-1.001708984375,-0.077392578125
52.872,0.107421875,-1.003173828125,-0.06787109375
52.903,0.11279296875,-1.00048828125,-0.074951171875
52.937,0.112548828125,-1.0029296875,-0.077880859375
52.968,0.1083984375,-1.004150390625,-0.06640625
53.0,0.11376953125,-1.000732421875,-0.07373046875
53.03,0.109130859375,-1.006103515625,-0.073974609375
53.066,0.10986328125,-1.009033203125,-0.083251953125
53.1,0.112060546875,-1.008056640625,-0.06494140625
53.13,0.112548828125,-1.00634765625,-0.07421875
53.168,0.110595703125,-1.001708984375,-0.07275390625
53.201,0.10888671875,-1.00634765625,-0.075439453125
53.229,0.109130859375,-1.00048828125,-0.070556640625
53.261,0.1103515625,-1.00146484375,-0.07421875
53.295,0.118408203125,-1.004150390625,-0.072021484375
53.325,0.115966796875,-1.006591796875,-0.062744140625
53.359,0.1064453125,-1.000244140625,-0.069580078125
53.391,0.11474609375,-1.009765625,-0.076171875
53.419,0.11328125,-1.0048828125,-0.079833984375
53.45,0.112548828125,-0.9990234375,-0.072998046875
53.482,0.1123046875,-1.0009765625,-0.0654296875
53.514,0.10986328125,-1.008056640625,-0.062744140625
53.544,0.11328125,-1.001708984375,-0.0732421875
53.579,0.1083984375,-1.006103515625,-0.07763671875
53.613,0.11376953125,-1.00830078125,-0.0732421875
53.643,0.103759765625,-0.99951171875,-0.07275390625
53.676,0.113525390625,-1.003173828125,-0.070556640625
53.71,0.10498046875,-1.0029296875,-0.066650390625
53.736,0.114501953125,-1.00341796875,-0.074462890625
53.769,0.108642578125,-1.000244140625,-0.0771484375
53.799,0.10986328125,-1.000732421875,-0.072509765625
53.828,0.11474609375,-1.011962890625,-0.073974609375
53.853,0.114013671875,-1.005126953125,-0.074951171875
53.886,0.115478515625,-1.00146484375,-0.0732421875
53.918,0.112548828125,-1.00537109375,-0.07763671875
53.947,0.110595703125,-1.002685546875,-0.0712890625
53.975,0.10546875,-1.006591796875,-0.071044921875
54.01,0.11279296875,-0.997314453125,-0.072265625
54.037,0.11572265625,-1.001220703125,-0.06982421875
54.065,0.11279296875,-1.001220703125,-0.072509765625
54.095,0.1123046875,-1.007568359375,-0.06884765625
54.124,0.109375,-1.000732421875,-0.0625
54.152,0.11279296875,-0.997802734375,-0.07958984375
54.184,0.110595703125,-0.997802734375,-0.072265625
54.215,0.106689453125,-1.00244140625,-0.0751953125
54.244,0.11181640625,-1.0048828125,-0.073486328125
54.274,0.1044921875,-1.005126953125,-0.077880859375
54.306,0.1103515625,-1.002685546875,-0.067626953125
54.334,0.10791015625,-1.006103515625,-0.072509765625
54.363,0.113037109375,-1.011474609375,-0.07568359375
54.395,0.11279296875,-1.00244140625,-0.077880859375
54.426,0.109130859375,-1.009765625,-0.0771484375
54.448,0.1142578125,-1.002685546875,-0.0693359375
54.469,0.109130859375,-1.001220703125,-0.076904296875
54.49,0.107666015625,-1.0029296875,-0.077392578125
54.52,0.10986328125,-1.0,-0.072509765625
54.549,0.107666015625,-1.00244140625,-0.072509765625
54.581,0.110107421875,-1.0,-0.074462890625
54.611,0.108642578125,-0.99951171875,-0.070068359375
54.639,0.111572265625,-1.007080078125,-0.069580078125
54.669,0.1162109375,-1.00732421875,-0.07861328125
54.702,0.113037109375,-1.004150390625,-0.07470703125
54.733,0.10888671875,-1.00341796875,-0.07763671875
54.763,0.113037109375,-1.003662109375,-0.070556640625
54.795,0.105712890625,-0.99951171875,-0.078369140625
54.826,0.11572265625,-1.001220703125,-0.06591796875
54.854,0.10595703125,-0.999755859375,-0.074951171875
54.884,0.114990234375,-1.0,-0.06640625
54.917,0.10546875,-1.010498046875,-0.0712890625
54.946,0.11181640625,-1.004638671875,-0.072509765625
54.977,0.109619140625,-0.994873046875,-0.072998046875
55.008,0.107421875,-0.9970703125,-0.072998046875
55.04,0.10888671875,-1.005615234375,-0.07080078125
55.068,0.1044921875,-1.003662109375,-0.07763671875
55.098,0.1181640625,-1.0048828125,-0.06298828125
55.129,0.10693359375,-1.003173828125,-0.076416015625
55.159,0.11572265625,-1.0087890625,-0.0654296875
55.19,0.111572265625,-0.998779296875,-0.066650390625
55.22,0.115234375,-1.0078125,-0.07568359375
55.251,0.111083984375,-1.005615234375,-0.079833984375
55.279,0.115478515625,-1.00341796875,-0.075439453125
55.31,0.11279296875,-1.004638671875,-0.07421875
55.342,0.112548828125,-1.001708984375,-0.076171875
55.37,0.114013671875,-1.004150390625,-0.07421875
55.401,0.10986328125,-1.004150390625,-0.06689453125
55.431,0.107177734375,-1.0029296875,-0.072509765625
55.456,0.10986328125,-1.005859375,-0.07470703125
55.482,0.11572265625,-1.002685546875,-0.072509765625
55.514,0.113037109375,-1.00048828125,-0.070556640625
55.541,0.112548828125,-1.000732421875,-0.077880859375
55.57,0.1083984375,-1.00732421875,-0.0673828125
55.597,0.103271484375,-1.0078125,-0.080322265625
55.624,0.10595703125,-1.00537109375,-0.079833984375
55.654,0.11376953125,-1.001953125,-0.068359375
55.682,0.109375,-0.999755859375,-0.072998046875
55.713,0.111328125,-1.008056640625,-0.0712890625
55.743,0.111328125,-1.000732421875,-0.0751953125
55.773,0.112548828125,-1.005126953125,-0.0712890625
55.802,0.10546875,-1.00244140625,-0.069091796875
55.83,0.11181640625,-1.007080078125,-0.076904296875
55.861,0.110107421875,-0.998046875,-0.077392578125
55.888,0.10693359375,-1.00390625,-0.06884765625
55.918,0.111572265625,-1.00537109375,-0.072265625
55.95,0.10693359375,-1.0009765625,-0.072509765625
55.978,0.104736328125,-1.006591796875,-0.072265625
56.009,0.1142578125,-1.003662109375,-0.071533203125
56.04,0.106689453125,-1.00341796875,-0.076416015625
56.071,0.110595703125,-1.00048828125,-0.0712890625
56.1,0.1142578125,-1.00439453125,-0.068115234375
56.133,0.10791015625,-1.01025390625,-0.075927734375
56.165,0.109375,-1.0009765625,-0.068115234375
56.19,0.114501953125,-1.006103515625,-0.07275390625
56.221,0.11572265625,-1.009033203125,-0.080078125
56.254,0.105712890625,-1.00537109375,-0.059814453125
56.284,0.1123046875,-1.006103515625,-0.070556640625
56.315,0.110595703125,-1.011962890625,-0.07763671875
56.346,0.118408203125,-0.997314453125,-0.072998046875
56.378,0.111572265625,-1.0029296875,-0.067626953125
56.406,0.116943359375,-1.004150390625,-0.07177734375
56.437,0.10595703125,-1.0009765625,-0.076904296875
56.466,0.10595703125,-1.00732421875,-0.07568359375
56.495,0.11181640625,-1.00927734375,-0.072265625
56.525,0.114501953125,-0.99853515625,-0.0615234375
56.549,0.1083984375,-0.99853515625,-0.06640625
56.577,0.111083984375,-1.006103515625,-0.072021484375
56.606,0.110595703125,-1.006591796875,-0.071044921875
56.634,0.107421875,-1.007080078125,-0.0703125
56.665,0.10595703125,-1.003662109375,-0.070068359375
56.692,0.10791015625,-1.0048828125,-0.07177734375
56.72,0.1083984375,-1.00244140625,-0.074462890625
56.747,0.1083984375,-1.00439453125,-0.07275390625
56.777,0.114990234375,-1.00830078125,-0.073486328125
56.804,0.10791015625,-1.007568359375,-0.06640625
56.832,0.1083984375,-1.001953125,-0.067626953125
56.863,0.115478515625,-1.004638671875,-0.073974609375
56.891,0.114013671875,-1.00390625,-0.067138671875
56.933,0.109130859375,-1.00732421875,-0.0732421875
56.954,0.107666015625,-1.008056640625,-0.075927734375
56.975,0.112548828125,-1.002685546875,-0.072265625
56.999,0.106689453125,-1.006103515625,-0.07177734375
57.03,0.10888671875,-1.007568359375,-0.071533203125
57.062,0.109130859375,-1.000732421875,-0.070556640625
57.091,0.117431640625,-1.009033203125,-0.076904296875
57.12,0.11181640625,-1.009521484375,-0.064453125
57.15,0.111083984375,-1.006591796875,-0.07568359375
57.182,0.1083984375,-1.00830078125,-0.075439453125
57.21,0.109619140625,-1.007080078125,-0.078125
57.242,0.115966796875,-1.00537109375,-0.07177734375
57.273,0.115966796875,-1.004638671875,-0.080322265625
57.304,0.111572265625,-1.0048828125,-0.0712890625
57.335,0.110595703125,-0.998046875,-0.076904296875
57.366,0.1025390625,-0.9990234375,-0.071533203125
57.397,0.112548828125,-0.99658203125,-0.07373046875
57.425,0.104736328125,-1.00537109375,-0.079833984375
57.459,0.116455078125,-1.00390625,-0.0693359375
57.491,0.106201171875,-1.001953125,-0.07666015625
57.521,0.10693359375,-1.0,-0.077880859375
57.552,0.11181640625,-1.005615234375,-0.06396484375
57.583,0.113037109375,-1.004150390625,-0.072998046875
57.614,0.1171875,-1.006103515625,-0.07421875
57.643,0.1083984375,-1.002685546875,-0.077880859375
57.676,0.11181640625,-1.004150390625,-0.073486328125
57.708,0.109619140625,-1.00732421875,-0.067626953125
57.738,0.11279296875,-1.005126953125,-0.073486328125
57.77,0.117431640625,-1.003173828125,-0.070068359375
57.802,0.11181640625,-1.003173828125,-0.07470703125
57.832,0.111083984375,-1.000244140625,-0.073486328125
57.865,0.11474609375,-1.001708984375,-0.07275390625
57.895,0.109619140625,-1.006103515625,-0.06689453125
57.925,0.10791015625,-1.001708984375,-0.072509765625
57.954,0.107177734375,-1.007568359375,-0.076904296875
57.987,0.107421875,-1.006103515625,-0.063720703125
58.016,0.11328125,-1.007568359375,-0.083984375
58.044,0.117919921875,-1.001220703125,-0.0751953125
58.075,0.1044921875,-1.001953125,-0.070556640625
58.107,0.112060546875,-1.005126953125,-0.06884765625
58.135,0.11474609375,-1.00341796875,-0.079345703125
58.164,0.1083984375,-1.003173828125,-0.078125
58.195,0.11181640625,-1.0048828125,-0.068603515625
58.226,0.107177734375,-1.01025390625,-0.075439453125
58.256,0.111083984375,-1.004638671875,-0.068603515625
58.283,0.111083984375,-1.0009765625,-0.068603515625
58.312,0.115478515625,-1.000244140625,-0.080322265625
58.34,0.107666015625,-1.004638671875,-0.075927734375
58.37,0.10888671875,-1.002197265625,-0.072509765625
58.4,0.112548828125,-1.0029296875,-0.07666015625
58.43,0.116455078125,-1.002685546875,-0.076904296875
58.458,0.109619140625,-1.0,-0.076171875
58.489,0.112548828125,-1.0,-0.0673828125
58.521,0.111328125,-1.004150390625,-0.070068359375
58.548,0.107177734375,-1.002197265625,-0.078369140625
58.579,0.1083984375,-1.010009765625,-0.0712890625
58.609,0.114013671875,-1.00048828125,-0.0673828125
58.639,0.104248046875,-1.002685546875,-0.078369140625
58.668,0.1064453125,-0.999267578125,-0.076904296875
58.695,0.108154296875,-1.0068359375,-0.069580078125
58.724,0.114990234375,-1.004638671875,-0.0615234375
58.751,0.104248046875,-1.00439453125,-0.068115234375
58.781,0.109130859375,-1.000732421875,-0.065185546875
58.813,0.104248046875,-0.998046875,-0.0732421875
58.843,0.10546875,-1.005859375,-0.06787109375
58.873,0.107666015625,-1.005615234375,-0.06787109375
58.904,0.111083984375,-1.0048828125,-0.07275390625
58.935,0.111083984375,-0.999755859375,-0.072021484375
58.963,0.111328125,-1.007568359375,-0.070068359375
58.995,0.115234375,-1.00634765625,-0.07666015625
59.024,0.10791015625,-1.005126953125,-0.06982421875
59.054,0.10546875,-1.009521484375,-0.064453125
59.086,0.1064453125,-1.00634765625,-0.073486328125
59.118,0.1025390625,-1.010009765625,-0.07421875
59.147,0.1123046875,-1.00732421875,-0.0751953125
59.178,0.11669921875,-1.003173828125,-0.074951171875
59.209,0.10205078125,-1.0009765625,-0.07080078125
59.237,0.1015625,-1.004638671875,-0.072265625
59.264,0.11572265625,-1.007080078125,-0.078125
59.294,0.111083984375,-1.00146484375,-0.07421875
59.327,0.11376953125,-1.008056640625,-0.0751953125
59.355,0.10693359375,-1.004150390625,-0.07080078125
59.384,0.110107421875,-1.004150390625,-0.079833984375
59.415,0.10986328125,-1.008544921875,-0.075927734375
59.454,0.107666015625,-1.002685546875,-0.07275390625
59.475,0.111083984375,-0.9970703125,-0.074462890625
59.496,0.107421875,-1.003662109375,-0.073486328125
59.524,0.10791015625,-1.00048828125,-0.07275390625
59.553,0.112548828125,-1.005126953125,-0.07470703125
59.583,0.109375,-1.00244140625,-0.0625
59.614,0.1083984375,-1.005859375,-0.076904296875
59.644,0.106689453125,-1.0068359375,-0.07373046875
59.673,0.108154296875,-1.00146484375,-0.075439453125
59.706,0.11328125,-1.009033203125,-0.074462890625
59.736,0.110107421875,-1.00634765625,-0.0732421875
59.767,0.111083984375,-1.005126953125,-0.072265625
59.789,0.10595703125,-1.000732421875,-0.077392578125
59.815,0.10986328125,-1.00341796875,-0.0712890625
59.845,0.109375,-1.00146484375,-0.078857421875
59.872,0.1083984375,-0.996337890625,-0.069580078125
59.903,0.10595703125,-1.00244140625,-0.068359375
59.934,0.114013671875,-1.0068359375,-0.07861328125
59.964,0.1103515625,-1.00146484375,-0.074462890625
59.994,0.10595703125,-1.00244140625,-0.0771484375
60.025,0.10546875,-1.006103515625,-0.069091796875
60.057,0.103515625,-1.003173828125,-0.072021484375
60.085,0.112060546875,-1.007080078125,-0.066162109375
60.116,0.111083984375,-1.00244140625,-0.07177734375
60.148,0.11376953125,-1.008544921875,-0.06396484375
60.177,0.111083984375,-1.001708984375,-0.073974609375
60.209,0.103759765625,-1.00390625,-0.072021484375
60.239,0.109130859375,-1.005859375,-0.074462890625
60.27,0.111328125,-0.99951171875,-0.06591796875
60.299,0.107177734375,-1.0048828125,-0.07275390625
60.33,0.112548828125,-1.006591796875,-0.073486328125
60.36,0.106689453125,-1.00732421875,-0.07568359375
60.39,0.109619140625,-1.006591796875,-0.071533203125
60.428,0.10302734375,-1.004638671875,-0.074462890625
60.462,0.1142578125,-1.006591796875,-0.072021484375
60.493,0.108642578125,-1.0078125,-0.075927734375
60.528,0.111328125,-1.001708984375,-0.067138671875
60.565,0.113037109375,-1.007080078125,-0.07470703125
60.598,0.11376953125,-0.9990234375,-0.07177734375
60.629,0.112548828125,-1.00537109375,-0.06982421875
60.655,0.109375,-1.00537109375,-0.066650390625
60.681,0.110107421875,-1.000732421875,-0.07177734375
60.713,0.10595703125,-1.0009765625,-0.073974609375
60.748,0.11083984375,-1.002197265625,-0.072021484375
60.782,0.10498046875,-1.002197265625,-0.0703125
60.813,0.1123046875,-1.00390625,-0.070556640625
60.843,0.11328125,-1.00341796875,-0.076416015625
60.874,0.109375,-1.00146484375,-0.067138671875
60.9,0.1083984375,-0.998046875,-0.072998046875
60.928,0.11279296875,-1.00634765625,-0.070556640625
60.959,0.107421875,-0.99853515625,-0.071533203125
60.986,0.113525390625,-1.004638671875,-0.0712890625
61.013,0.107666015625,-1.002685546875,-0.072265625
61.041,0.111328125,-1.0029296875,-0.07666015625
61.068,0.106689453125,-1.00927734375,-0.07275390625
61.092,0.110595703125,-1.00146484375,-0.072021484375
61.119,0.103759765625,-0.99951171875,-0.07275390625
61.142,0.1123046875,-1.005859375,-0.07080078125
61.164,0.112060546875,-0.995849609375,-0.06640625
61.19,0.109619140625,-1.007080078125,-0.068115234375
61.212,0.110107421875,-0.999267578125,-0.06591796875
61.234,0.109619140625,-1.01318359375,-0.07666015625
61.265,0.10546875,-0.997802734375,-0.072509765625
61.29,0.113037109375,-1.00537109375,-0.0791015625
61.314,0.11328125,-1.01025390625,-0.072509765625
61.337,0.111328125,-1.001953125,-0.076416015625
61.361,0.114501953125,-1.000244140625,-0.080322265625
61.382,0.10693359375,-1.007080078125,-0.0712890625
61.408,0.110107421875,-0.999755859375,-0.069091796875
61.433,0.1103515625,-1.008056640625,-0.06689453125
61.466,0.10693359375,-1.00341796875,-0.07177734375
61.493,0.104248046875,-1.0029296875,-0.071044921875
61.522,0.10693359375,-1.00927734375,-0.08544921875
61.554,0.107177734375,-1.0048828125,-0.07763671875
61.587,0.10986328125,-1.0078125,-0.064208984375
61.615,0.1142578125,-1.001220703125,-0.06640625
61.647,0.106201171875,-1.010009765625,-0.068603515625
61.678,0.10791015625,-1.003173828125,-0.07177734375
61.709,0.113037109375,-1.008056640625,-0.075439453125
61.74,0.111083984375,-1.0068359375,-0.07373046875
61.772,0.110595703125,-1.00048828125,-0.072509765625
61.805,0.103515625,-1.0068359375,-0.074951171875
61.834,0.103759765625,-1.003173828125,-0.074951171875
61.867,0.106689453125,-1.004150390625,-0.06591796875
61.898,0.11083984375,-1.0048828125,-0.066650390625
61.927,0.103759765625,-0.998291015625,-0.0771484375
